filename,running_time,max_size,MGS_size,MGS_sizes
prob-2-100|100-ll-2_1.json,0.16532182693481445,200,200,100-100
prob-2-100|100-ll-2_2.json,0.15836596488952637,200,200,100-100
prob-2-100|100-ll-2_3.json,0.15725016593933105,200,200,100-100
prob-2-100|100-ll-2_4.json,0.15617895126342773,200,200,100-100
prob-2-100|100-ll-2_5.json,0.15959811210632324,200,200,100-100
prob-2-100|100-mm-2_1.json,0.09455418586730957,200,126,64-62
prob-2-100|100-mm-2_2.json,0.08391571044921875,200,109,57-52
prob-2-100|100-mm-2_3.json,0.0927739143371582,200,129,69-60
prob-2-100|100-mm-2_4.json,0.10328292846679688,200,129,60-69
prob-2-100|100-mm-2_5.json,0.09438419342041016,200,111,51-60
prob-2-100|100-ul-2_1.json,0.0623321533203125,200,106,6-100
prob-2-100|100-ul-2_2.json,0.06769371032714844,200,113,13-100
prob-2-100|100-ul-2_3.json,0.0656137466430664,200,110,10-100
prob-2-100|100-ul-2_4.json,0.06530189514160156,200,111,11-100
prob-2-100|100-ul-2_5.json,0.06489205360412598,200,111,11-100
prob-2-100|100-uu-2_1.json,0.15706324577331543,200,200,100-100
prob-2-100|100-uu-2_2.json,0.1507713794708252,200,197,97-100
prob-2-100|100-uu-2_3.json,0.1529850959777832,200,200,100-100
prob-2-100|100-uu-2_4.json,0.1417369842529297,200,200,100-100
prob-2-100|100-uu-2_5.json,0.12573003768920898,200,181,81-100
prob-2-100|100|100-lll-3_1.json,1.656463861465454,300,300,100-100-100
prob-2-100|100|100-lll-3_2.json,1.586026906967163,300,300,100-100-100
prob-2-100|100|100-lll-3_3.json,1.5267601013183594,300,300,100-100-100
prob-2-100|100|100-lll-3_4.json,1.545609951019287,300,300,100-100-100
prob-2-100|100|100-lll-3_5.json,1.6005990505218506,300,300,100-100-100
prob-2-100|100|100-mmm-3_1.json,0.8203649520874023,300,147,49-52-46
prob-2-100|100|100-mmm-3_2.json,0.7813630104064941,300,131,52-38-41
prob-2-100|100|100-mmm-3_3.json,0.7395479679107666,300,145,47-51-47
prob-2-100|100|100-mmm-3_4.json,0.7489430904388428,300,144,47-53-44
prob-2-100|100|100-mmm-3_5.json,0.8084731101989746,300,147,54-44-49
prob-2-100|100|100-ull-3_1.json,0.46477699279785156,300,203,3-100-100
prob-2-100|100|100-ull-3_2.json,0.3946969509124756,300,202,2-100-100
prob-2-100|100|100-ull-3_3.json,0.39435601234436035,300,202,2-100-100
prob-2-100|100|100-ull-3_4.json,0.46901607513427734,300,203,3-100-100
prob-2-100|100|100-ull-3_5.json,0.4608750343322754,300,203,3-100-100
prob-2-100|100|100-uuu-3_1.json,0.5764470100402832,300,247,100-61-86
prob-2-100|100|100-uuu-3_2.json,0.44518113136291504,300,165,100-34-31
prob-2-100|100|100-uuu-3_3.json,0.6764390468597412,300,267,67-100-100
prob-2-100|100|100-uuu-3_4.json,0.591763973236084,300,263,100-63-100
prob-2-100|100|100-uuu-3_5.json,0.6915922164916992,300,300,100-100-100
prob-2-100|100|100|100-llll-4_1.json,6.777121067047119,400,400,100-100-100-100
prob-2-100|100|100|100-llll-4_2.json,6.938421010971069,400,400,100-100-100-100
prob-2-100|100|100|100-llll-4_3.json,6.524643898010254,400,400,100-100-100-100
prob-2-100|100|100|100-llll-4_4.json,6.633852958679199,400,400,100-100-100-100
prob-2-100|100|100|100-llll-4_5.json,6.458082914352417,400,400,100-100-100-100
prob-2-100|100|100|100-mmmm-4_1.json,2.5739059448242188,400,138,35-38-35-30
prob-2-100|100|100|100-mmmm-4_2.json,2.454047918319702,400,161,40-41-41-39
prob-2-100|100|100|100-mmmm-4_3.json,3.2071402072906494,400,134,30-35-35-34
prob-2-100|100|100|100-mmmm-4_4.json,3.047488212585449,400,147,38-32-40-37
prob-2-100|100|100|100-mmmm-4_5.json,2.311533212661743,400,135,30-36-34-35
prob-2-100|100|100|100-uull-4_1.json,0.9932386875152588,400,205,3-2-100-100
prob-2-100|100|100|100-uull-4_2.json,0.9034318923950195,400,205,3-2-100-100
prob-2-100|100|100|100-uull-4_3.json,1.1482858657836914,400,208,3-5-100-100
prob-2-100|100|100|100-uull-4_4.json,1.1613199710845947,400,208,5-3-100-100
prob-2-100|100|100|100-uull-4_5.json,0.9986257553100586,400,206,3-3-100-100
prob-2-100|100|100|100-uuuu-4_1.json,0.9693050384521484,400,240,100-41-28-71
prob-2-100|100|100|100-uuuu-4_2.json,1.818336009979248,400,389,100-100-100-89
prob-2-100|100|100|100-uuuu-4_3.json,1.0301599502563477,400,263,100-100-33-30
prob-2-100|100|100|100-uuuu-4_4.json,1.2219460010528564,400,238,34-86-100-18
prob-2-100|100|100|100-uuuu-4_5.json,0.859868049621582,400,242,100-12-100-30
prob-2-100|100|100|100|100-mmmmm-5_1.json,7.445941925048828,500,153,32-31-28-26-36
prob-2-100|100|100|100|100-mmmmm-5_2.json,6.1250128746032715,500,170,32-30-32-38-38
prob-2-100|100|100|100|100-mmmmm-5_3.json,7.877540826797485,500,164,34-34-29-31-36
prob-2-100|100|100|100|100-mmmmm-5_4.json,6.834553003311157,500,153,28-32-32-32-29
prob-2-100|100|100|100|100-mmmmm-5_5.json,7.339825868606567,500,170,34-32-32-37-35
prob-2-100|100|100|100|100-uuull-5_1.json,1.894639015197754,500,209,3-3-3-100-100
prob-2-100|100|100|100|100-uuull-5_2.json,1.43733811378479,500,207,2-2-3-100-100
prob-2-100|100|100|100|100-uuull-5_3.json,1.8682379722595215,500,211,3-3-5-100-100
prob-2-100|100|100|100|100-uuull-5_4.json,1.459399938583374,500,207,2-3-2-100-100
prob-2-100|100|100|100|100-uuull-5_5.json,2.326282024383545,500,209,3-4-2-100-100
prob-2-100|100|100|100|100-uuuuu-5_1.json,2.406914710998535,500,286,22-86-44-34-100
prob-2-100|100|100|100|100-uuuuu-5_2.json,1.9686143398284912,500,254,100-10-88-14-42
prob-2-100|100|100|100|100-uuuuu-5_3.json,1.6748950481414795,500,267,87-100-42-7-31
prob-2-100|100|100|100|100-uuuuu-5_4.json,3.024120807647705,500,385,100-45-89-100-51
prob-2-100|100|100|100|100-uuuuu-5_5.json,2.907810688018799,500,343,100-30-73-40-100
prob-2-200|200-ll-2_1.json,0.6324398517608643,400,400,200-200
prob-2-200|200-ll-2_2.json,0.6310930252075195,400,400,200-200
prob-2-200|200-ll-2_3.json,0.6124229431152344,400,400,200-200
prob-2-200|200-ll-2_4.json,0.6215801239013672,400,400,200-200
prob-2-200|200-ll-2_5.json,0.6103188991546631,400,400,200-200
prob-2-200|200-mm-2_1.json,0.3399670124053955,400,200,100-100
prob-2-200|200-mm-2_2.json,0.360339879989624,400,222,116-106
prob-2-200|200-mm-2_3.json,0.3300919532775879,400,198,95-103
prob-2-200|200-mm-2_4.json,0.34137797355651855,400,198,93-105
prob-2-200|200-mm-2_5.json,0.34534502029418945,400,203,103-100
prob-2-200|200-ul-2_1.json,0.2585170269012451,400,212,12-200
prob-2-200|200-ul-2_2.json,0.24529290199279785,400,205,5-200
prob-2-200|200-ul-2_3.json,0.2677469253540039,400,212,12-200
prob-2-200|200-ul-2_4.json,0.2689840793609619,400,210,10-200
prob-2-200|200-ul-2_5.json,0.2641630172729492,400,210,10-200
prob-2-200|200-uu-2_1.json,0.5241951942443848,400,355,200-155
prob-2-200|200-uu-2_2.json,0.5531561374664307,400,367,200-167
prob-2-200|200-uu-2_3.json,0.5480339527130127,400,362,162-200
prob-2-200|200-uu-2_4.json,0.615912914276123,400,400,200-200
prob-2-200|200-uu-2_5.json,0.5189111232757568,400,353,200-153
prob-2-200|200|200-lll-3_1.json,7.780879259109497,600,600,200-200-200
prob-2-200|200|200-lll-3_2.json,7.713497161865234,600,600,200-200-200
prob-2-200|200|200-lll-3_3.json,7.864187955856323,600,600,200-200-200
prob-2-200|200|200-lll-3_4.json,7.846475124359131,600,598,199-199-200
prob-2-200|200|200-lll-3_5.json,7.8345348834991455,600,600,200-200-200
prob-2-200|200|200-mmm-3_1.json,3.7013161182403564,600,193,55-64-74
prob-2-200|200|200-mmm-3_2.json,3.7366368770599365,600,196,57-76-63
prob-2-200|200|200-mmm-3_3.json,3.513760805130005,600,205,53-81-71
prob-2-200|200|200-mmm-3_4.json,3.4521379470825195,600,181,71-49-61
prob-2-200|200|200-mmm-3_5.json,3.4349477291107178,600,177,65-56-56
prob-2-200|200|200-ull-3_1.json,1.5898289680480957,600,402,2-200-200
prob-2-200|200|200-ull-3_2.json,1.8279218673706055,600,403,3-200-200
prob-2-200|200|200-ull-3_3.json,1.5200629234313965,600,402,2-200-200
prob-2-200|200|200-ull-3_4.json,1.9209249019622803,600,403,3-200-200
prob-2-200|200|200-ull-3_5.json,1.505788803100586,600,402,2-200-200
prob-2-200|200|200-uuu-3_1.json,1.460658311843872,600,475,200-200-75
prob-2-200|200|200-uuu-3_2.json,2.2948527336120605,600,533,133-200-200
prob-2-200|200|200-uuu-3_3.json,1.9769558906555176,600,449,94-155-200
prob-2-200|200|200-uuu-3_4.json,2.4399611949920654,600,524,200-137-187
prob-2-200|200|200-uuu-3_5.json,1.3618650436401367,600,366,132-200-34
prob-2-200|200|200|200-llll-4_1.json,32.716453313827515,800,799,199-200-200-200
prob-2-200|200|200|200-llll-4_2.json,33.08753299713135,800,796,200-198-199-199
prob-2-200|200|200|200-llll-4_3.json,33.20406770706177,800,798,199-200-200-199
prob-2-200|200|200|200-llll-4_4.json,32.864540815353394,800,800,200-200-200-200
prob-2-200|200|200|200-llll-4_5.json,32.919556856155396,800,798,199-200-200-199
prob-2-200|200|200|200-mmmm-4_1.json,12.813369750976562,800,191,41-40-51-59
prob-2-200|200|200|200-mmmm-4_2.json,15.228335857391357,800,208,61-43-50-54
prob-2-200|200|200|200-mmmm-4_3.json,14.674397945404053,800,201,43-44-54-60
prob-2-200|200|200|200-mmmm-4_4.json,14.446349859237671,800,206,52-46-53-55
prob-2-200|200|200|200-mmmm-4_5.json,14.30324101448059,800,203,57-60-49-37
prob-2-200|200|200|200-uull-4_1.json,3.3772599697113037,800,404,2-2-200-200
prob-2-200|200|200|200-uull-4_2.json,3.3964827060699463,800,404,2-2-200-200
prob-2-200|200|200|200-uull-4_3.json,3.5378098487854004,800,405,3-2-200-200
prob-2-200|200|200|200-uull-4_4.json,3.234708786010742,800,405,2-3-200-200
prob-2-200|200|200|200-uull-4_5.json,3.0316109657287598,800,405,2-3-200-200
prob-2-200|200|200|200-uuuu-4_1.json,5.280294179916382,800,556,17-198-141-200
prob-2-200|200|200|200-uuuu-4_2.json,5.265025854110718,800,705,133-200-172-200
prob-2-200|200|200|200-uuuu-4_3.json,8.25612187385559,800,782,185-197-200-200
prob-2-200|200|200|200-uuuu-4_4.json,2.8798611164093018,800,514,200-200-12-102
prob-2-200|200|200|200-uuuu-4_5.json,4.847152233123779,800,595,57-200-198-140
prob-2-200|200|200|200|200-mmmmm-5_1.json,32.59693908691406,1000,203,41-38-35-50-39
prob-2-200|200|200|200|200-mmmmm-5_2.json,32.56955003738403,1000,212,37-37-48-42-48
prob-2-200|200|200|200|200-mmmmm-5_3.json,35.33893394470215,1000,206,40-45-39-36-46
prob-2-200|200|200|200|200-mmmmm-5_4.json,33.230595111846924,1000,206,39-40-52-40-35
prob-2-200|200|200|200|200-mmmmm-5_5.json,33.602927684783936,1000,202,39-39-47-43-34
prob-2-200|200|200|200|200-uuull-5_1.json,8.533447027206421,1000,407,2-3-3-200-199
prob-2-200|200|200|200|200-uuull-5_2.json,5.8885498046875,1000,408,3-3-2-200-200
prob-2-200|200|200|200|200-uuull-5_3.json,5.507516145706177,1000,407,3-2-2-200-200
prob-2-200|200|200|200|200-uuull-5_4.json,5.16524076461792,1000,405,2-2-2-199-200
prob-2-200|200|200|200|200-uuull-5_5.json,4.438712120056152,1000,406,2-2-2-200-200
prob-2-200|200|200|200|200-uuuuu-5_1.json,7.629884958267212,1000,616,200-65-198-15-138
prob-2-200|200|200|200|200-uuuuu-5_2.json,7.034047842025757,1000,593,200-200-3-63-127
prob-2-200|200|200|200|200-uuuuu-5_3.json,10.069926023483276,1000,730,66-200-200-128-136
prob-2-200|200|200|200|200-uuuuu-5_4.json,13.668735980987549,1000,788,184-200-171-33-200
prob-2-200|200|200|200|200-uuuuu-5_5.json,8.102025985717773,1000,751,200-137-199-200-15
prob-2-300|300-ll-2_1.json,1.4500799179077148,600,599,299-300
prob-2-300|300-ll-2_2.json,1.4205632209777832,600,600,300-300
prob-2-300|300-ll-2_3.json,1.4248631000518799,600,599,299-300
prob-2-300|300-ll-2_4.json,1.4236030578613281,600,599,300-299
prob-2-300|300-ll-2_5.json,1.4140331745147705,600,599,299-300
prob-2-300|300-mm-2_1.json,0.7218379974365234,600,260,130-130
prob-2-300|300-mm-2_2.json,0.7129678726196289,600,266,130-136
prob-2-300|300-mm-2_3.json,0.7189688682556152,600,269,147-122
prob-2-300|300-mm-2_4.json,0.7214810848236084,600,269,122-147
prob-2-300|300-mm-2_5.json,0.7271127700805664,600,267,129-138
prob-2-300|300-ul-2_1.json,0.6763389110565186,600,310,10-300
prob-2-300|300-ul-2_2.json,0.5840892791748047,600,305,5-300
prob-2-300|300-ul-2_3.json,0.576801061630249,600,310,10-300
prob-2-300|300-ul-2_4.json,0.5795629024505615,600,307,7-300
prob-2-300|300-ul-2_5.json,0.5560097694396973,600,306,6-300
prob-2-300|300-uu-2_1.json,1.0916039943695068,600,491,191-300
prob-2-300|300-uu-2_2.json,0.9617428779602051,600,446,300-146
prob-2-300|300-uu-2_3.json,1.1052360534667969,600,496,196-300
prob-2-300|300-uu-2_4.json,1.4127299785614014,600,599,299-300
prob-2-300|300-uu-2_5.json,0.7926819324493408,600,389,300-89
prob-2-300|300|300-lll-3_1.json,18.980010986328125,900,896,298-299-299
prob-2-300|300|300-lll-3_2.json,18.899271965026855,900,892,298-300-294
prob-2-300|300|300-lll-3_3.json,18.64649772644043,900,896,299-298-299
prob-2-300|300|300-lll-3_4.json,18.18926692008972,900,891,295-299-297
prob-2-300|300|300-lll-3_5.json,18.54463219642639,900,894,297-300-297
prob-2-300|300|300-mmm-3_1.json,8.307659149169922,900,246,85-75-86
prob-2-300|300|300-mmm-3_2.json,8.221182823181152,900,241,86-68-87
prob-2-300|300|300-mmm-3_3.json,8.389379978179932,900,239,80-88-71
prob-2-300|300|300-mmm-3_4.json,8.573383808135986,900,244,89-77-78
prob-2-300|300|300-mmm-3_5.json,8.661134243011475,900,250,81-83-86
prob-2-300|300|300-ull-3_1.json,4.5984179973602295,900,603,3-300-300
prob-2-300|300|300-ull-3_2.json,3.5281310081481934,900,602,2-300-300
prob-2-300|300|300-ull-3_3.json,3.724937915802002,900,602,2-300-300
prob-2-300|300|300-ull-3_4.json,3.5007951259613037,900,601,2-299-300
prob-2-300|300|300-ull-3_5.json,4.472931146621704,900,602,3-299-300
prob-2-300|300|300-uuu-3_1.json,3.5553767681121826,900,767,167-300-300
prob-2-300|300|300-uuu-3_2.json,4.497154235839844,900,697,97-300-300
prob-2-300|300|300-uuu-3_3.json,6.003029108047485,900,899,299-300-300
prob-2-300|300|300-uuu-3_4.json,4.968061923980713,900,899,299-300-300
prob-2-300|300|300-uuu-3_5.json,5.531954765319824,900,898,300-299-299
prob-2-300|300|300|300-llll-4_1.json,199.04930806159973,1200,1175,294-293-295-293
prob-2-300|300|300|300-llll-4_2.json,199.0296459197998,1200,1183,297-297-295-294
prob-2-300|300|300|300-llll-4_3.json,202.07292890548706,1200,1176,295-296-293-292
prob-2-300|300|300|300-llll-4_4.json,215.448899269104,1200,1175,294-293-299-289
prob-2-300|300|300|300-llll-4_5.json,178.29088282585144,1200,1178,294-295-293-296
prob-2-300|300|300|300-mmmm-4_1.json,32.05622673034668,1200,232,60-65-52-55
prob-2-300|300|300|300-mmmm-4_2.json,32.39037108421326,1200,243,75-55-63-50
prob-2-300|300|300|300-mmmm-4_3.json,32.09573292732239,1200,249,70-55-64-60
prob-2-300|300|300|300-mmmm-4_4.json,32.42259669303894,1200,231,54-65-57-55
prob-2-300|300|300|300-mmmm-4_5.json,32.78215408325195,1200,241,53-58-73-57
prob-2-300|300|300|300-uull-4_1.json,14.088654041290283,1200,604,2-2-300-300
prob-2-300|300|300|300-uull-4_2.json,13.819189071655273,1200,603,2-2-300-299
prob-2-300|300|300|300-uull-4_3.json,14.896274089813232,1200,603,3-2-299-299
prob-2-300|300|300|300-uull-4_4.json,12.092139959335327,1200,603,2-2-299-300
prob-2-300|300|300|300-uull-4_5.json,15.378814220428467,1200,603,2-2-299-300
prob-2-300|300|300|300-uuuu-4_1.json,8.991617918014526,1200,918,134-300-300-184
prob-2-300|300|300|300-uuuu-4_2.json,12.630327939987183,1200,933,278-300-55-300
prob-2-300|300|300|300-uuuu-4_3.json,10.492089986801147,1200,1081,300-300-181-300
prob-2-300|300|300|300-uuuu-4_4.json,11.249675989151001,1200,1176,300-300-298-278
prob-2-300|300|300|300-uuuu-4_5.json,10.57097315788269,1200,1086,299-187-300-300
prob-2-50|50-ll-2_1.json,0.04976391792297363,100,100,50-50
prob-2-50|50-ll-2_2.json,0.037892818450927734,100,100,50-50
prob-2-50|50-ll-2_3.json,0.03718400001525879,100,100,50-50
prob-2-50|50-ll-2_4.json,0.03845477104187012,100,100,50-50
prob-2-50|50-ll-2_5.json,0.03737998008728027,100,100,50-50
prob-2-50|50-mm-2_1.json,0.02668905258178711,100,72,33-39
prob-2-50|50-mm-2_2.json,0.027981042861938477,100,75,39-36
prob-2-50|50-mm-2_3.json,0.025979280471801758,100,71,32-39
prob-2-50|50-mm-2_4.json,0.02330493927001953,100,63,38-25
prob-2-50|50-mm-2_5.json,0.026519775390625,100,71,34-37
prob-2-50|50-ul-2_1.json,0.01984405517578125,100,61,11-50
prob-2-50|50-ul-2_2.json,0.02149820327758789,100,66,16-50
prob-2-50|50-ul-2_3.json,0.019496917724609375,100,60,10-50
prob-2-50|50-ul-2_4.json,0.019982099533081055,100,63,13-50
prob-2-50|50-ul-2_5.json,0.021003007888793945,100,66,16-50
prob-2-50|50-uu-2_1.json,0.048909902572631836,100,100,50-50
prob-2-50|50-uu-2_2.json,0.0372159481048584,100,100,50-50
prob-2-50|50-uu-2_3.json,0.028301000595092773,100,80,50-30
prob-2-50|50-uu-2_4.json,0.036467790603637695,100,100,50-50
prob-2-50|50-uu-2_5.json,0.036435842514038086,100,100,50-50
prob-2-50|50|50-lll-3_1.json,0.34914112091064453,150,150,50-50-50
prob-2-50|50|50-lll-3_2.json,0.33139896392822266,150,150,50-50-50
prob-2-50|50|50-lll-3_3.json,0.35167813301086426,150,150,50-50-50
prob-2-50|50|50-lll-3_4.json,0.3435499668121338,150,150,50-50-50
prob-2-50|50|50-lll-3_5.json,0.3362140655517578,150,150,50-50-50
prob-2-50|50|50-mmm-3_1.json,0.1584768295288086,150,82,18-31-33
prob-2-50|50|50-mmm-3_2.json,0.19059991836547852,150,88,33-28-27
prob-2-50|50|50-mmm-3_3.json,0.17654800415039062,150,94,27-30-37
prob-2-50|50|50-mmm-3_4.json,0.1692187786102295,150,84,35-16-33
prob-2-50|50|50-mmm-3_5.json,0.15301990509033203,150,77,30-30-17
prob-2-50|50|50-ull-3_1.json,0.1279149055480957,150,103,3-50-50
prob-2-50|50|50-ull-3_2.json,0.12653493881225586,150,103,3-50-50
prob-2-50|50|50-ull-3_3.json,0.12463688850402832,150,103,3-50-50
prob-2-50|50|50-ull-3_4.json,0.17901992797851562,150,105,5-50-50
prob-2-50|50|50-ull-3_5.json,0.12393903732299805,150,103,3-50-50
prob-2-50|50|50-uuu-3_1.json,0.19090509414672852,150,150,50-50-50
prob-2-50|50|50-uuu-3_2.json,0.20435690879821777,150,150,50-50-50
prob-2-50|50|50-uuu-3_3.json,0.10444903373718262,150,107,50-23-34
prob-2-50|50|50-uuu-3_4.json,0.17252016067504883,150,119,40-29-50
prob-2-50|50|50-uuu-3_5.json,0.1660449504852295,150,150,50-50-50
prob-2-50|50|50|50-llll-4_1.json,1.1890099048614502,200,200,50-50-50-50
prob-2-50|50|50|50-llll-4_2.json,1.2314939498901367,200,200,50-50-50-50
prob-2-50|50|50|50-llll-4_3.json,1.2555038928985596,200,200,50-50-50-50
prob-2-50|50|50|50-llll-4_4.json,1.3261981010437012,200,200,50-50-50-50
prob-2-50|50|50|50-llll-4_5.json,1.3687431812286377,200,200,50-50-50-50
prob-2-50|50|50|50-mmmm-4_1.json,0.4899442195892334,200,95,28-14-22-31
prob-2-50|50|50|50-mmmm-4_2.json,0.489879846572876,200,88,16-29-21-22
prob-2-50|50|50|50-mmmm-4_3.json,0.5243628025054932,200,101,25-23-22-31
prob-2-50|50|50|50-mmmm-4_4.json,0.46127891540527344,200,87,28-20-25-14
prob-2-50|50|50|50-mmmm-4_5.json,0.4863710403442383,200,105,31-27-28-19
prob-2-50|50|50|50-uull-4_1.json,0.26182079315185547,200,106,4-2-50-50
prob-2-50|50|50|50-uull-4_2.json,0.2810249328613281,200,107,4-3-50-50
prob-2-50|50|50|50-uull-4_3.json,0.23636817932128906,200,105,3-2-50-50
prob-2-50|50|50|50-uull-4_4.json,0.3665812015533447,200,111,6-5-50-50
prob-2-50|50|50|50-uull-4_5.json,0.2827439308166504,200,106,3-3-50-50
prob-2-50|50|50|50-uuuu-4_1.json,0.4449949264526367,200,175,50-36-50-39
prob-2-50|50|50|50-uuuu-4_2.json,0.2478501796722412,200,100,33-50-9-8
prob-2-50|50|50|50-uuuu-4_3.json,0.330639123916626,200,157,50-50-17-40
prob-2-50|50|50|50-uuuu-4_4.json,0.4419879913330078,200,200,50-50-50-50
prob-2-50|50|50|50-uuuu-4_5.json,0.3720221519470215,200,195,45-50-50-50
prob-2-50|50|50|50|50-mmmmm-5_1.json,1.1401081085205078,250,119,27-26-21-18-27
prob-2-50|50|50|50|50-mmmmm-5_2.json,1.1563489437103271,250,114,27-20-23-26-18
prob-2-50|50|50|50|50-mmmmm-5_3.json,1.0588598251342773,250,106,23-19-20-24-20
prob-2-50|50|50|50|50-mmmmm-5_4.json,1.221459150314331,250,117,27-24-20-29-17
prob-2-50|50|50|50|50-mmmmm-5_5.json,1.2050139904022217,250,102,19-21-20-15-27
prob-2-50|50|50|50|50-uuull-5_1.json,0.43953514099121094,250,108,2-4-2-50-50
prob-2-50|50|50|50|50-uuull-5_2.json,0.7269546985626221,250,113,3-5-5-50-50
prob-2-50|50|50|50|50-uuull-5_3.json,0.709827184677124,250,113,5-3-5-50-50
prob-2-50|50|50|50|50-uuull-5_4.json,0.6666431427001953,250,111,3-5-3-50-50
prob-2-50|50|50|50|50-uuull-5_5.json,0.6930129528045654,250,111,3-5-3-50-50
prob-2-50|50|50|50|50-uuuuu-5_1.json,1.1201002597808838,250,250,50-50-50-50-50
prob-2-50|50|50|50|50-uuuuu-5_2.json,0.7948102951049805,250,247,50-50-47-50-50
prob-2-50|50|50|50|50-uuuuu-5_3.json,0.6563739776611328,250,219,50-35-47-50-37
prob-2-50|50|50|50|50-uuuuu-5_4.json,0.9513089656829834,250,245,50-50-50-45-50
prob-2-50|50|50|50|50-uuuuu-5_5.json,0.6112809181213379,250,146,50-32-8-50-6
prob-3-100|100-ll-2_1.json,0.3084588050842285,200,200,100-100
prob-3-100|100-ll-2_2.json,0.30724000930786133,200,200,100-100
prob-3-100|100-ll-2_3.json,0.305372953414917,200,200,100-100
prob-3-100|100-ll-2_4.json,0.298569917678833,200,200,100-100
prob-3-100|100-ll-2_5.json,0.3091270923614502,200,200,100-100
prob-3-100|100-mm-2_1.json,0.2824869155883789,200,181,93-88
prob-3-100|100-mm-2_2.json,0.27158594131469727,200,179,85-94
prob-3-100|100-mm-2_3.json,0.26987290382385254,200,184,87-97
prob-3-100|100-mm-2_4.json,0.2512238025665283,200,181,89-92
prob-3-100|100-mm-2_5.json,0.2605009078979492,200,177,91-86
prob-3-100|100-ul-2_1.json,0.24784302711486816,200,154,54-100
prob-3-100|100-ul-2_2.json,0.23063969612121582,200,151,51-100
prob-3-100|100-ul-2_3.json,0.22423315048217773,200,149,49-100
prob-3-100|100-ul-2_4.json,0.20395398139953613,200,146,46-100
prob-3-100|100-ul-2_5.json,0.231827974319458,200,157,57-100
prob-3-100|100-uu-2_1.json,0.2675631046295166,200,200,100-100
prob-3-100|100-uu-2_2.json,0.2722890377044678,200,188,88-100
prob-3-100|100-uu-2_3.json,0.2773740291595459,200,199,99-100
prob-3-100|100-uu-2_4.json,0.28092479705810547,200,200,100-100
prob-3-100|100-uu-2_5.json,0.27202677726745605,200,189,100-89
prob-3-100|100|100-lll-3_1.json,3.6760919094085693,300,300,100-100-100
prob-3-100|100|100-lll-3_2.json,3.8546271324157715,300,300,100-100-100
prob-3-100|100|100-lll-3_3.json,3.6781482696533203,300,300,100-100-100
prob-3-100|100|100-lll-3_4.json,4.121218204498291,300,300,100-100-100
prob-3-100|100|100-lll-3_5.json,4.4068522453308105,300,300,100-100-100
prob-3-100|100|100-mmm-3_1.json,2.618579864501953,300,218,64-78-76
prob-3-100|100|100-mmm-3_2.json,3.207468032836914,300,232,79-68-85
prob-3-100|100|100-mmm-3_3.json,2.9019057750701904,300,225,73-70-82
prob-3-100|100|100-mmm-3_4.json,3.252484083175659,300,231,73-82-76
prob-3-100|100|100-mmm-3_5.json,2.688210964202881,300,219,67-74-78
prob-3-100|100|100-ull-3_1.json,2.268657922744751,300,227,27-100-100
prob-3-100|100|100-ull-3_2.json,2.4670028686523438,300,229,29-100-100
prob-3-100|100|100-ull-3_3.json,1.8672959804534912,300,224,24-100-100
prob-3-100|100|100-ull-3_4.json,2.333199977874756,300,217,17-100-100
prob-3-100|100|100-ull-3_5.json,2.087238073348999,300,220,20-100-100
prob-3-100|100|100-uuu-3_1.json,2.1970129013061523,300,278,80-99-99
prob-3-100|100|100-uuu-3_2.json,2.2666289806365967,300,297,100-100-97
prob-3-100|100|100-uuu-3_3.json,1.750810146331787,300,289,89-100-100
prob-3-100|100|100-uuu-3_4.json,1.8858742713928223,300,290,92-100-98
prob-3-100|100|100-uuu-3_5.json,1.8842260837554932,300,265,100-65-100
prob-3-100|100|100|100-llll-4_1.json,29.212398052215576,400,400,100-100-100-100
prob-3-100|100|100|100-llll-4_2.json,27.411641836166382,400,400,100-100-100-100
prob-3-100|100|100|100-llll-4_3.json,27.62079119682312,400,400,100-100-100-100
prob-3-100|100|100|100-llll-4_4.json,27.05978512763977,400,400,100-100-100-100
prob-3-100|100|100|100-llll-4_5.json,29.106565237045288,400,400,100-100-100-100
prob-3-100|100|100|100-mmmm-4_1.json,17.718601942062378,400,273,68-55-73-77
prob-3-100|100|100|100-mmmm-4_2.json,17.511463165283203,400,278,75-66-71-66
prob-3-100|100|100|100-mmmm-4_3.json,16.87336802482605,400,251,63-68-62-58
prob-3-100|100|100|100-mmmm-4_4.json,19.536614894866943,400,285,67-68-72-78
prob-3-100|100|100|100-mmmm-4_5.json,16.247619152069092,400,273,77-73-68-55
prob-3-100|100|100|100-uull-4_1.json,8.53969693183899,400,248,20-28-100-100
prob-3-100|100|100|100-uull-4_2.json,6.9147210121154785,400,242,21-21-100-100
prob-3-100|100|100|100-uull-4_3.json,9.733722925186157,400,248,22-26-100-100
prob-3-100|100|100|100-uull-4_4.json,6.8879921436309814,400,248,22-26-100-100
prob-3-100|100|100|100-uull-4_5.json,6.795819997787476,400,240,20-20-100-100
prob-3-100|100|100|100-uuuu-4_1.json,7.932453155517578,400,339,99-52-88-100
prob-3-100|100|100|100-uuuu-4_2.json,7.258062124252319,400,353,95-68-100-90
prob-3-100|100|100|100-uuuu-4_3.json,7.381925821304321,400,371,97-100-87-87
prob-3-100|100|100|100-uuuu-4_4.json,9.151835918426514,400,356,62-95-100-99
prob-3-100|100|100|100-uuuu-4_5.json,8.064258098602295,400,392,100-100-92-100
prob-3-100|100|100|100|100-mmmmm-5_1.json,76.66694569587708,500,330,66-63-75-64-62
prob-3-100|100|100|100|100-mmmmm-5_2.json,74.40476489067078,500,322,65-67-70-53-67
prob-3-100|100|100|100|100-mmmmm-5_3.json,73.02774286270142,500,328,62-65-72-64-65
prob-3-100|100|100|100|100-mmmmm-5_4.json,80.85840797424316,500,332,71-75-62-52-72
prob-3-100|100|100|100|100-mmmmm-5_5.json,68.36862373352051,500,315,66-63-62-69-55
prob-3-100|100|100|100|100-uuull-5_1.json,20.894941091537476,500,267,27-23-17-100-100
prob-3-100|100|100|100|100-uuull-5_2.json,23.486257791519165,500,271,22-28-21-100-100
prob-3-100|100|100|100|100-uuull-5_3.json,28.078932762145996,500,279,23-26-30-100-100
prob-3-100|100|100|100|100-uuull-5_4.json,34.17320704460144,500,274,23-29-22-100-100
prob-3-100|100|100|100|100-uuull-5_5.json,21.22417402267456,500,271,30-21-20-100-100
prob-3-100|100|100|100|100-uuuuu-5_1.json,20.789894104003906,500,462,100-88-85-89-100
prob-3-100|100|100|100|100-uuuuu-5_2.json,22.096030950546265,500,435,93-59-96-87-100
prob-3-100|100|100|100|100-uuuuu-5_3.json,22.460856199264526,500,387,100-100-54-80-53
prob-3-100|100|100|100|100-uuuuu-5_4.json,20.45293402671814,500,428,96-54-81-100-97
prob-3-100|100|100|100|100-uuuuu-5_5.json,22.04358410835266,500,398,81-87-99-34-97
prob-3-200|200-ll-2_1.json,0.8336262702941895,400,400,200-200
prob-3-200|200-ll-2_2.json,0.8197391033172607,400,400,200-200
prob-3-200|200-ll-2_3.json,0.8277199268341064,400,400,200-200
prob-3-200|200-ll-2_4.json,0.8331871032714844,400,400,200-200
prob-3-200|200-ll-2_5.json,0.8143317699432373,400,400,200-200
prob-3-200|200-mm-2_1.json,0.6633999347686768,400,306,150-156
prob-3-200|200-mm-2_2.json,0.689784049987793,400,310,166-144
prob-3-200|200-mm-2_3.json,0.6950383186340332,400,334,158-176
prob-3-200|200-mm-2_4.json,0.6669819355010986,400,305,148-157
prob-3-200|200-mm-2_5.json,0.7008979320526123,400,320,167-153
prob-3-200|200-ul-2_1.json,0.5465693473815918,400,283,83-200
prob-3-200|200-ul-2_2.json,0.5479099750518799,400,281,81-200
prob-3-200|200-ul-2_3.json,0.5571446418762207,400,278,78-200
prob-3-200|200-ul-2_4.json,0.4949378967285156,400,269,69-200
prob-3-200|200-ul-2_5.json,0.5349187850952148,400,286,86-200
prob-3-200|200-uu-2_1.json,0.7679486274719238,400,400,200-200
prob-3-200|200-uu-2_2.json,0.7616262435913086,400,398,198-200
prob-3-200|200-uu-2_3.json,0.7182738780975342,400,382,182-200
prob-3-200|200-uu-2_4.json,0.772252082824707,400,400,200-200
prob-3-200|200-uu-2_5.json,0.7540407180786133,400,390,200-190
prob-3-200|200|200-lll-3_1.json,18.504147052764893,600,600,200-200-200
prob-3-200|200|200-lll-3_2.json,18.046823263168335,600,600,200-200-200
prob-3-200|200|200-lll-3_3.json,19.40502095222473,600,600,200-200-200
prob-3-200|200|200-lll-3_4.json,19.183445930480957,600,600,200-200-200
prob-3-200|200|200-lll-3_5.json,20.049494981765747,600,600,200-200-200
prob-3-200|200|200-mmm-3_1.json,15.069734811782837,600,408,135-131-142
prob-3-200|200|200-mmm-3_2.json,13.751365184783936,600,396,145-114-137
prob-3-200|200|200-mmm-3_3.json,14.26061487197876,600,395,142-134-119
prob-3-200|200|200-mmm-3_4.json,14.228198766708374,600,398,137-115-146
prob-3-200|200|200-mmm-3_5.json,12.862699031829834,600,368,115-133-120
prob-3-200|200|200-ull-3_1.json,6.86535906791687,600,426,26-200-200
prob-3-200|200|200-ull-3_2.json,9.2830650806427,600,439,39-200-200
prob-3-200|200|200-ull-3_3.json,6.711606979370117,600,423,23-200-200
prob-3-200|200|200-ull-3_4.json,6.343796968460083,600,427,27-200-200
prob-3-200|200|200-ull-3_5.json,8.9154372215271,600,436,36-200-200
prob-3-200|200|200-uuu-3_1.json,7.809471845626831,600,561,164-197-200
prob-3-200|200|200-uuu-3_2.json,6.409105062484741,600,567,171-200-196
prob-3-200|200|200-uuu-3_3.json,7.033681154251099,600,549,200-187-162
prob-3-200|200|200-uuu-3_4.json,8.478015899658203,600,579,179-200-200
prob-3-200|200|200-uuu-3_5.json,7.825445890426636,600,598,200-198-200
prob-3-200|200|200|200-llll-4_1.json,164.7807548046112,800,800,200-200-200-200
prob-3-200|200|200|200-llll-4_2.json,151.64142608642578,800,800,200-200-200-200
prob-3-200|200|200|200-llll-4_3.json,155.49445986747742,800,800,200-200-200-200
prob-3-200|200|200|200-llll-4_4.json,161.63813495635986,800,800,200-200-200-200
prob-3-200|200|200|200-llll-4_5.json,167.0348448753357,800,800,200-200-200-200
prob-3-200|200|200|200-mmmm-4_1.json,131.43207669258118,800,471,126-128-94-123
prob-3-200|200|200|200-mmmm-4_2.json,118.51839900016785,800,472,128-118-127-99
prob-3-200|200|200|200-mmmm-4_3.json,112.03696489334106,800,442,98-124-107-113
prob-3-200|200|200|200-mmmm-4_4.json,99.72129893302917,800,423,86-125-110-102
prob-3-200|200|200|200-mmmm-4_5.json,107.16644501686096,800,443,129-108-85-121
prob-3-200|200|200|200-uull-4_1.json,33.66278290748596,800,460,34-26-200-200
prob-3-200|200|200|200-uull-4_2.json,30.904562950134277,800,458,28-30-200-200
prob-3-200|200|200|200-uull-4_3.json,32.34939908981323,800,457,27-30-200-200
prob-3-200|200|200|200-uull-4_4.json,28.603986978530884,800,449,31-18-200-200
prob-3-200|200|200|200-uull-4_5.json,31.64365577697754,800,458,28-30-200-200
prob-3-200|200|200|200-uuuu-4_1.json,27.091792106628418,800,643,56-200-187-200
prob-3-200|200|200|200-uuuu-4_2.json,25.89712929725647,800,697,186-198-116-197
prob-3-200|200|200|200-uuuu-4_3.json,30.071085929870605,800,768,200-183-198-187
prob-3-200|200|200|200-uuuu-4_4.json,34.19423699378967,800,782,200-199-191-192
prob-3-200|200|200|200-uuuu-4_5.json,31.806591033935547,800,720,194-137-200-189
prob-3-200|200|200|200|200-mmmmm-5_1.json,596.3551490306854,1000,510,87-110-79-120-114
prob-3-200|200|200|200|200-mmmmm-5_2.json,542.9560589790344,1000,509,111-84-81-120-113
prob-3-200|200|200|200|200-mmmmm-5_3.json,632.7599000930786,1000,520,114-115-114-82-95
prob-3-200|200|200|200|200-mmmmm-5_4.json,777.0130770206451,1000,522,106-107-113-106-90
prob-3-200|200|200|200|200-mmmmm-5_5.json,705.5315091609955,1000,509,111-79-112-106-101
prob-3-200|200|200|200|200-uuull-5_1.json,85.40235805511475,1000,478,30-18-30-200-200
prob-3-200|200|200|200|200-uuull-5_2.json,100.17724323272705,1000,486,33-25-28-200-200
prob-3-200|200|200|200|200-uuull-5_3.json,100.08142185211182,1000,487,26-28-33-200-200
prob-3-200|200|200|200|200-uuull-5_4.json,86.31959986686707,1000,477,24-28-25-200-200
prob-3-200|200|200|200|200-uuull-5_5.json,96.22399997711182,1000,486,30-26-30-200-200
prob-3-200|200|200|200|200-uuuuu-5_1.json,81.05908393859863,1000,673,182-27-140-176-148
prob-3-200|200|200|200|200-uuuuu-5_2.json,48.77891492843628,1000,714,99-182-199-197-37
prob-3-200|200|200|200|200-uuuuu-5_3.json,75.55739974975586,1000,758,200-200-29-159-170
prob-3-200|200|200|200|200-uuuuu-5_4.json,72.91542601585388,1000,783,198-195-174-89-127
prob-3-200|200|200|200|200-uuuuu-5_5.json,68.49076914787292,1000,764,200-127-200-52-185
prob-3-300|300-ll-2_1.json,1.6789748668670654,600,600,300-300
prob-3-300|300-ll-2_2.json,1.6958329677581787,600,600,300-300
prob-3-300|300-ll-2_3.json,1.678966999053955,600,600,300-300
prob-3-300|300-ll-2_4.json,1.6861591339111328,600,600,300-300
prob-3-300|300-ll-2_5.json,1.7125561237335205,600,600,300-300
prob-3-300|300-mm-2_1.json,1.2811939716339111,600,442,218-224
prob-3-300|300-mm-2_2.json,1.330003023147583,600,446,225-221
prob-3-300|300-mm-2_3.json,1.3219678401947021,600,456,232-224
prob-3-300|300-mm-2_4.json,1.3812730312347412,600,463,235-228
prob-3-300|300-mm-2_5.json,1.297159194946289,600,448,223-225
prob-3-300|300-ul-2_1.json,0.9080638885498047,600,377,77-300
prob-3-300|300-ul-2_2.json,0.9182109832763672,600,383,83-300
prob-3-300|300-ul-2_3.json,0.9131641387939453,600,381,81-300
prob-3-300|300-ul-2_4.json,1.0014841556549072,600,405,105-300
prob-3-300|300-ul-2_5.json,0.915673017501831,600,377,77-300
prob-3-300|300-uu-2_1.json,1.5121750831604004,600,584,284-300
prob-3-300|300-uu-2_2.json,1.507910966873169,600,578,300-278
prob-3-300|300-uu-2_3.json,1.5413403511047363,600,588,288-300
prob-3-300|300-uu-2_4.json,1.5510528087615967,600,600,300-300
prob-3-300|300-uu-2_5.json,1.5384087562561035,600,597,297-300
prob-3-300|300|300-lll-3_1.json,47.44446015357971,900,900,300-300-300
prob-3-300|300|300-lll-3_2.json,48.53467607498169,900,900,300-300-300
prob-3-300|300|300-lll-3_3.json,46.79248309135437,900,900,300-300-300
prob-3-300|300|300-lll-3_4.json,48.85975670814514,900,900,300-300-300
prob-3-300|300|300-lll-3_5.json,47.1929349899292,900,900,300-300-300
prob-3-300|300|300-mmm-3_1.json,34.00624990463257,900,529,178-172-179
prob-3-300|300|300-mmm-3_2.json,34.91428017616272,900,523,168-178-177
prob-3-300|300|300-mmm-3_3.json,34.34368395805359,900,531,176-174-181
prob-3-300|300|300-mmm-3_4.json,32.655616998672485,900,533,177-178-178
prob-3-300|300|300-mmm-3_5.json,33.20530819892883,900,560,193-181-186
prob-3-300|300|300-ull-3_1.json,18.537052869796753,900,634,34-300-300
prob-3-300|300|300-ull-3_2.json,13.260222911834717,900,626,26-300-300
prob-3-300|300|300-ull-3_3.json,15.996261835098267,900,631,31-300-300
prob-3-300|300|300-ull-3_4.json,13.508226156234741,900,627,27-300-300
prob-3-300|300|300-ull-3_5.json,16.251789808273315,900,633,33-300-300
prob-3-300|300|300-uuu-3_1.json,15.371716260910034,900,895,295-300-300
prob-3-300|300|300-uuu-3_2.json,15.57502794265747,900,888,295-293-300
prob-3-300|300|300-uuu-3_3.json,14.865778923034668,900,885,296-289-300
prob-3-300|300|300-uuu-3_4.json,14.739548921585083,900,894,299-300-295
prob-3-300|300|300-uuu-3_5.json,16.159276008605957,900,853,283-270-300
prob-3-300|300|300|300-mmmm-4_1.json,340.8062608242035,1200,616,157-154-154-151
prob-3-300|300|300|300-mmmm-4_2.json,300.431303024292,1200,642,154-161-166-161
prob-3-300|300|300|300-mmmm-4_3.json,346.8767101764679,1200,634,149-171-160-154
prob-3-300|300|300|300-mmmm-4_4.json,334.0158259868622,1200,623,149-150-169-155
prob-3-300|300|300|300-mmmm-4_5.json,329.46607208251953,1200,604,146-152-154-152
prob-3-300|300|300|300-uull-4_1.json,163.17132377624512,1200,661,31-30-300-300
prob-3-300|300|300|300-uull-4_2.json,134.83884024620056,1200,659,22-37-300-300
prob-3-300|300|300|300-uull-4_3.json,250.82350301742554,1200,653,30-23-300-300
prob-3-300|300|300|300-uull-4_4.json,129.68718099594116,1200,657,33-24-300-300
prob-3-300|300|300|300-uull-4_5.json,110.22370100021362,1200,663,30-33-300-300
prob-3-300|300|300|300-uuuu-4_1.json,71.56506180763245,1200,1175,300-299-282-294
prob-3-300|300|300|300-uuuu-4_2.json,60.035725116729736,1200,1063,283-300-214-266
prob-3-300|300|300|300-uuuu-4_3.json,55.47445821762085,1200,992,251-281-300-160
prob-3-300|300|300|300-uuuu-4_4.json,54.61011481285095,1200,1157,300-300-259-298
prob-3-300|300|300|300-uuuu-4_5.json,76.76224112510681,1200,1074,263-229-300-282
prob-3-50|50-ll-2_1.json,0.17964577674865723,100,100,50-50
prob-3-50|50-ll-2_2.json,0.14418268203735352,100,100,50-50
prob-3-50|50-ll-2_3.json,0.13866114616394043,100,100,50-50
prob-3-50|50-ll-2_4.json,0.1302950382232666,100,100,50-50
prob-3-50|50-ll-2_5.json,0.1629009246826172,100,100,50-50
prob-3-50|50-mm-2_1.json,0.13997960090637207,100,90,41-49
prob-3-50|50-mm-2_2.json,0.14351320266723633,100,92,48-44
prob-3-50|50-mm-2_3.json,0.14524006843566895,100,89,42-47
prob-3-50|50-mm-2_4.json,0.14699578285217285,100,90,44-46
prob-3-50|50-mm-2_5.json,0.13574981689453125,100,91,44-47
prob-3-50|50-ul-2_1.json,0.15677118301391602,100,90,40-50
prob-3-50|50-ul-2_2.json,0.15088987350463867,100,95,45-50
prob-3-50|50-ul-2_3.json,0.1217801570892334,100,82,32-50
prob-3-50|50-ul-2_4.json,0.11876702308654785,100,85,35-50
prob-3-50|50-ul-2_5.json,0.13819408416748047,100,91,41-50
prob-3-50|50-uu-2_1.json,0.15997624397277832,100,100,50-50
prob-3-50|50-uu-2_2.json,0.13794684410095215,100,100,50-50
prob-3-50|50-uu-2_3.json,0.14317798614501953,100,100,50-50
prob-3-50|50-uu-2_4.json,0.14615583419799805,100,100,50-50
prob-3-50|50-uu-2_5.json,0.1620950698852539,100,100,50-50
prob-3-50|50|50-lll-3_1.json,0.9862339496612549,150,150,50-50-50
prob-3-50|50|50-lll-3_2.json,0.9051511287689209,150,150,50-50-50
prob-3-50|50|50-lll-3_3.json,0.8881139755249023,150,150,50-50-50
prob-3-50|50|50-lll-3_4.json,0.9618349075317383,150,150,50-50-50
prob-3-50|50|50-lll-3_5.json,0.9723403453826904,150,150,50-50-50
prob-3-50|50|50-mmm-3_1.json,0.7853078842163086,150,121,39-40-42
prob-3-50|50|50-mmm-3_2.json,0.7521207332611084,150,124,45-38-41
prob-3-50|50|50-mmm-3_3.json,0.7480418682098389,150,122,43-40-39
prob-3-50|50|50-mmm-3_4.json,0.7335798740386963,150,121,40-41-40
prob-3-50|50|50-mmm-3_5.json,0.7812840938568115,150,119,46-37-36
prob-3-50|50|50-ull-3_1.json,0.7117960453033447,150,122,22-50-50
prob-3-50|50|50-ull-3_2.json,0.58763885498046875,150,119,19-50-50
prob-3-50|50|50-ull-3_3.json,0.5169539451599121,150,115,15-50-50
prob-3-50|50|50-ull-3_4.json,0.6557879447937012,150,118,18-50-50
prob-3-50|50|50-ull-3_5.json,0.5549988746643066,150,114,14-50-50
prob-3-50|50|50-uuu-3_1.json,0.6935410499572754,150,150,50-50-50
prob-3-50|50|50-uuu-3_2.json,0.6557607650756836,150,150,50-50-50
prob-3-50|50|50-uuu-3_3.json,0.5943732261657715,150,141,50-41-50
prob-3-50|50|50-uuu-3_4.json,0.5688638687133789,150,149,50-49-50
prob-3-50|50|50-uuu-3_5.json,0.6876828670501709,150,149,50-50-49
prob-3-50|50|50|50-llll-4_1.json,6.159326076507568,200,200,50-50-50-50
prob-3-50|50|50|50-llll-4_2.json,5.724255084991455,200,200,50-50-50-50
prob-3-50|50|50|50-llll-4_3.json,6.024768114089966,200,200,50-50-50-50
prob-3-50|50|50|50-llll-4_4.json,5.9426000118255615,200,200,50-50-50-50
prob-3-50|50|50|50-llll-4_5.json,5.801971912384033,200,200,50-50-50-50
prob-3-50|50|50|50-mmmm-4_1.json,3.666195869445801,200,152,36-37-40-39
prob-3-50|50|50|50-mmmm-4_2.json,3.853113889694214,200,150,32-38-43-37
prob-3-50|50|50|50-mmmm-4_3.json,4.143187999725342,200,147,33-37-35-42
prob-3-50|50|50|50-mmmm-4_4.json,4.008601188659668,200,150,38-42-35-35
prob-3-50|50|50|50-mmmm-4_5.json,3.4022510051727295,200,147,39-38-35-35
prob-3-50|50|50|50-uull-4_1.json,2.902860164642334,200,138,16-22-50-50
prob-3-50|50|50|50-uull-4_2.json,2.5225749015808105,200,136,14-22-50-50
prob-3-50|50|50|50-uull-4_3.json,1.9320309162139893,200,131,14-17-50-50
prob-3-50|50|50|50-uull-4_4.json,3.173572063446045,200,141,20-21-50-50
prob-3-50|50|50|50-uull-4_5.json,2.9726030826568604,200,143,19-24-50-50
prob-3-50|50|50|50-uuuu-4_1.json,1.8068180084228516,200,189,50-40-49-50
prob-3-50|50|50|50-uuuu-4_2.json,2.6119039058685303,200,192,42-50-50-50
prob-3-50|50|50|50-uuuu-4_3.json,2.6478421688079834,200,190,50-50-41-49
prob-3-50|50|50|50-uuuu-4_4.json,2.902899980545044,200,194,46-49-49-50
prob-3-50|50|50|50-uuuu-4_5.json,1.911769151687622,200,195,50-50-50-45
prob-3-50|50|50|50|50-mmmmm-5_1.json,12.154393911361694,250,189,34-38-38-42-37
prob-3-50|50|50|50|50-mmmmm-5_2.json,13.54308795928955,250,177,32-39-38-34-34
prob-3-50|50|50|50|50-mmmmm-5_3.json,14.326038122177124,250,182,37-34-33-38-40
prob-3-50|50|50|50|50-mmmmm-5_4.json,13.961536645889282,250,180,40-33-36-33-38
prob-3-50|50|50|50|50-mmmmm-5_5.json,13.513214826583862,250,184,35-38-38-33-40
prob-3-50|50|50|50|50-uuull-5_1.json,6.087043046951294,250,151,18-18-15-50-50
prob-3-50|50|50|50|50-uuull-5_2.json,5.470970869064331,250,150,18-17-15-50-50
prob-3-50|50|50|50|50-uuull-5_3.json,7.585639953613281,250,163,20-24-19-50-50
prob-3-50|50|50|50|50-uuull-5_4.json,7.087248802185059,250,149,12-19-18-50-50
prob-3-50|50|50|50|50-uuull-5_5.json,5.714936017990112,250,154,13-19-22-50-50
prob-3-50|50|50|50|50-uuuuu-5_1.json,6.862303972244263,250,212,43-50-48-49-22
prob-3-50|50|50|50|50-uuuuu-5_2.json,5.74649977684021,250,245,50-45-50-50-50
prob-3-50|50|50|50|50-uuuuu-5_3.json,7.229554176330566,250,219,50-26-47-46-50
prob-3-50|50|50|50|50-uuuuu-5_4.json,6.536346197128296,250,221,41-50-49-50-31
prob-3-50|50|50|50|50-uuuuu-5_5.json,7.823861837387085,250,237,50-48-50-39-50
prob-4-100|100-ll-2_1.json,0.38067197799682617,200,200,100-100
prob-4-100|100-ll-2_2.json,0.34460902214050293,200,200,100-100
prob-4-100|100-ll-2_3.json,0.36939001083374023,200,200,100-100
prob-4-100|100-ll-2_4.json,0.34101200103759766,200,200,100-100
prob-4-100|100-ll-2_5.json,0.3497898578643799,200,200,100-100
prob-4-100|100-mm-2_1.json,0.32390618324279785,200,191,94-97
prob-4-100|100-mm-2_2.json,0.3416321277618408,200,188,93-95
prob-4-100|100-mm-2_3.json,0.33009982109069824,200,192,97-95
prob-4-100|100-mm-2_4.json,0.32181382179260254,200,191,98-93
prob-4-100|100-mm-2_5.json,0.3439748287200928,200,192,94-98
prob-4-100|100-ul-2_1.json,0.34078097343444824,200,195,95-100
prob-4-100|100-ul-2_2.json,0.3504786491394043,200,194,94-100
prob-4-100|100-ul-2_3.json,0.32399892807006836,200,190,90-100
prob-4-100|100-ul-2_4.json,0.34501004219055176,200,194,94-100
prob-4-100|100-ul-2_5.json,0.319227933883667,200,182,82-100
prob-4-100|100-uu-2_1.json,0.3449521064758301,200,200,100-100
prob-4-100|100-uu-2_2.json,0.31940412521362305,200,200,100-100
prob-4-100|100-uu-2_3.json,0.3424193859100342,200,200,100-100
prob-4-100|100-uu-2_4.json,0.3182508945465088,200,200,100-100
prob-4-100|100-uu-2_5.json,0.32407617568969727,200,200,100-100
prob-4-100|100|100-lll-3_1.json,10.747657060623169,300,300,100-100-100
prob-4-100|100|100-lll-3_2.json,11.016289710998535,300,300,100-100-100
prob-4-100|100|100-lll-3_3.json,10.842514753341675,300,300,100-100-100
prob-4-100|100|100-lll-3_4.json,10.96022891998291,300,300,100-100-100
prob-4-100|100|100-lll-3_5.json,11.24398684501648,300,300,100-100-100
prob-4-100|100|100-mmm-3_1.json,7.218388080596924,300,272,94-90-88
prob-4-100|100|100-mmm-3_2.json,7.777008295059204,300,281,93-91-97
prob-4-100|100|100-mmm-3_3.json,6.549499750137329,300,278,94-91-93
prob-4-100|100|100-mmm-3_4.json,7.322954893112183,300,278,97-92-89
prob-4-100|100|100-mmm-3_5.json,6.717087030410767,300,273,91-88-94
prob-4-100|100|100-ull-3_1.json,7.441812992095947,300,260,60-100-100
prob-4-100|100|100-ull-3_2.json,7.879699230194092,300,262,62-100-100
prob-4-100|100|100-ull-3_3.json,7.891297817230225,300,268,68-100-100
prob-4-100|100|100-ull-3_4.json,7.299134254455566,300,265,65-100-100
prob-4-100|100|100-ull-3_5.json,6.490178823471069,300,258,58-100-100
prob-4-100|100|100-uuu-3_1.json,5.667616128921509,300,300,100-100-100
prob-4-100|100|100-uuu-3_2.json,5.259025812149048,300,300,100-100-100
prob-4-100|100|100-uuu-3_3.json,6.120793104171753,300,300,100-100-100
prob-4-100|100|100-uuu-3_4.json,5.985602140426636,300,296,100-96-100
prob-4-100|100|100-uuu-3_5.json,6.098289966583252,300,300,100-100-100
prob-4-100|100|100|100-llll-4_1.json,130.5765619277954,400,400,100-100-100-100
prob-4-100|100|100|100-llll-4_2.json,143.67263007164001,400,400,100-100-100-100
prob-4-100|100|100|100-llll-4_3.json,142.3773319721222,400,400,100-100-100-100
prob-4-100|100|100|100-llll-4_4.json,138.83487725257874,400,400,100-100-100-100
prob-4-100|100|100|100-llll-4_5.json,130.174241065979,400,400,100-100-100-100
prob-4-100|100|100|100-mmmm-4_1.json,72.52669715881348,400,354,92-87-89-86
prob-4-100|100|100|100-mmmm-4_2.json,76.5660490989685,400,353,93-79-87-94
prob-4-100|100|100|100-mmmm-4_3.json,76.54856395721436,400,353,84-91-92-86
prob-4-100|100|100|100-mmmm-4_4.json,81.04085087776184,400,353,92-81-88-92
prob-4-100|100|100|100-mmmm-4_5.json,82.26654195785522,400,353,85-92-85-91
prob-4-100|100|100|100-uull-4_1.json,58.43687200546265,400,339,66-73-100-100
prob-4-100|100|100|100-uull-4_2.json,48.16816163063049,400,302,47-55-100-100
prob-4-100|100|100|100-uull-4_3.json,62.48841381072998,400,332,69-63-100-100
prob-4-100|100|100|100-uull-4_4.json,59.8592050075531,400,329,60-69-100-100
prob-4-100|100|100|100-uull-4_5.json,54.69664120674133,400,316,52-64-100-100
prob-4-100|100|100|100-uuuu-4_1.json,49.63019299507141,400,396,100-100-100-96
prob-4-100|100|100|100-uuuu-4_2.json,46.7760488986969,400,397,100-100-100-97
prob-4-100|100|100|100-uuuu-4_3.json,34.79740309715271,400,400,100-100-100-100
prob-4-100|100|100|100-uuuu-4_4.json,50.045308113098145,400,398,98-100-100-100
prob-4-100|100|100|100-uuuu-4_5.json,40.64041590690613,400,400,100-100-100-100
prob-4-100|100|100|100|100-mmmmm-5_1.json,438.4100501537323,500,418,83-88-82-89-76
prob-4-100|100|100|100|100-mmmmm-5_2.json,411.6926438808441,500,425,91-81-81-84-88
prob-4-100|100|100|100|100-mmmmm-5_3.json,463.79542684555054,500,420,84-81-88-82-85
prob-4-100|100|100|100|100-mmmmm-5_4.json,453.8370289802551,500,435,85-93-82-90-85
prob-4-100|100|100|100|100-mmmmm-5_5.json,448.4662809371948,500,430,77-91-84-84-94
prob-4-100|100|100|100|100-uuull-5_1.json,232.94544315338135,500,352,55-42-55-100-100
prob-4-100|100|100|100|100-uuull-5_2.json,228.27884197235107,500,381,66-50-65-100-100
prob-4-100|100|100|100|100-uuull-5_3.json,201.3578598499298,500,362,49-46-67-100-100
prob-4-100|100|100|100|100-uuull-5_4.json,236.57806825637817,500,361,45-53-63-100-100
prob-4-100|100|100|100|100-uuull-5_5.json,183.4936821460724,500,368,55-61-52-100-100
prob-4-100|100|100|100|100-uuuuu-5_1.json,215.96357011795044,500,474,100-75-99-100-100
prob-4-100|100|100|100|100-uuuuu-5_2.json,172.51749110221863,500,500,100-100-100-100-100
prob-4-100|100|100|100|100-uuuuu-5_3.json,135.5587980747223,500,500,100-100-100-100-100
prob-4-100|100|100|100|100-uuuuu-5_4.json,146.98991990089417,500,499,100-100-100-100-99
prob-4-100|100|100|100|100-uuuuu-5_5.json,166.91346192359924,500,494,100-100-100-100-94
prob-4-200|200-ll-2_1.json,1.1358788013458252,400,400,200-200
prob-4-200|200-ll-2_2.json,1.1474874019622803,400,400,200-200
prob-4-200|200-ll-2_3.json,1.1230430603027344,400,400,200-200
prob-4-200|200-ll-2_4.json,1.1003351211547852,400,400,200-200
prob-4-200|200-ll-2_5.json,1.1373481750488281,400,400,200-200
prob-4-200|200-mm-2_1.json,0.9815471172332764,400,368,185-183
prob-4-200|200-mm-2_2.json,0.997128963470459,400,374,185-189
prob-4-200|200-mm-2_3.json,1.0004379749298096,400,370,185-185
prob-4-200|200-mm-2_4.json,1.0083868503570557,400,370,185-185
prob-4-200|200-mm-2_5.json,1.0072269439697266,400,378,191-187
prob-4-200|200-ul-2_1.json,0.8707849979400635,400,349,149-200
prob-4-200|200-ul-2_2.json,0.9374239444732666,400,365,165-200
prob-4-200|200-ul-2_3.json,0.9289259910583496,400,359,159-200
prob-4-200|200-ul-2_4.json,0.976367712020874,400,373,173-200
prob-4-200|200-ul-2_5.json,0.9417438507080078,400,364,164-200
prob-4-200|200-uu-2_1.json,0.999500036239624,400,400,200-200
prob-4-200|200-uu-2_2.json,1.0098669528961182,400,400,200-200
prob-4-200|200-uu-2_3.json,0.9970991611480713,400,400,200-200
prob-4-200|200-uu-2_4.json,0.9890120029449463,400,400,200-200
prob-4-200|200-uu-2_5.json,0.9977447986602783,400,400,200-200
prob-4-200|200|200-lll-3_1.json,56.13084316253662,600,600,200-200-200
prob-4-200|200|200-lll-3_2.json,55.685153007507324,600,600,200-200-200
prob-4-200|200|200-lll-3_3.json,55.30272579193115,600,600,200-200-200
prob-4-200|200|200-lll-3_4.json,52.66001009941101,600,600,200-200-200
prob-4-200|200|200-lll-3_5.json,54.86650896072388,600,600,200-200-200
prob-4-200|200|200-mmm-3_1.json,43.612712144851685,600,519,172-169-178
prob-4-200|200|200-mmm-3_2.json,35.49433970451355,600,524,175-173-176
prob-4-200|200|200-mmm-3_3.json,36.22687816619873,600,518,174-173-171
prob-4-200|200|200-mmm-3_4.json,32.328441858291626,600,521,174-172-175
prob-4-200|200|200-mmm-3_5.json,36.816750049591064,600,525,176-173-176
prob-4-200|200|200-ull-3_1.json,27.85924506187439,600,482,82-200-200
prob-4-200|200|200-ull-3_2.json,27.194082260131836,600,479,79-200-200
prob-4-200|200|200-ull-3_3.json,24.89322590827942,600,477,77-200-200
prob-4-200|200|200-ull-3_4.json,34.36038589477539,600,500,100-200-200
prob-4-200|200|200-ull-3_5.json,23.865580797195435,600,474,74-200-200
prob-4-200|200|200-uuu-3_1.json,28.829758167266846,600,597,200-200-197
prob-4-200|200|200-uuu-3_2.json,19.344141006469727,600,600,200-200-200
prob-4-200|200|200-uuu-3_3.json,24.71253991127014,600,599,199-200-200
prob-4-200|200|200-uuu-3_4.json,23.27777624130249,600,600,200-200-200
prob-4-200|200|200-uuu-3_5.json,22.477211952209473,600,599,200-200-199
prob-4-200|200|200|200-llll-4_1.json,956.026389837265,800,800,200-200-200-200
prob-4-200|200|200|200-llll-4_2.json,963.4922108650208,800,800,200-200-200-200
prob-4-200|200|200|200-llll-4_3.json,907.1366369724274,800,800,200-200-200-200
prob-4-200|200|200|200-llll-4_4.json,940.275771856308,800,800,200-200-200-200
prob-4-200|200|200|200-llll-4_5.json,922.9409170150757,800,800,200-200-200-200
prob-4-200|200|200|200-mmmm-4_1.json,380.8912510871887,800,659,164-164-167-164
prob-4-200|200|200|200-mmmm-4_2.json,469.98812198638916,800,650,167-165-163-155
prob-4-200|200|200|200-mmmm-4_3.json,375.7869510650635,800,660,164-166-169-161
prob-4-200|200|200|200-mmmm-4_4.json,463.58490109443665,800,661,162-162-168-169
prob-4-200|200|200|200-mmmm-4_5.json,441.59111499786377,800,649,155-163-168-163
prob-4-200|200|200|200-uull-4_1.json,273.4956262111664,800,583,97-86-200-200
prob-4-200|200|200|200-uull-4_2.json,233.43541288375854,800,578,91-87-200-200
prob-4-200|200|200|200-uull-4_3.json,195.45400190353394,800,570,89-81-200-200
prob-4-200|200|200|200-uull-4_4.json,249.05681705474854,800,576,99-77-200-200
prob-4-200|200|200|200-uull-4_5.json,270.0160629749298,800,583,86-97-200-200
prob-4-200|200|200|200-uuuu-4_1.json,212.47780299186707,800,784,200-197-187-200
prob-4-200|200|200|200-uuuu-4_2.json,166.00423192977905,800,798,200-199-199-200
prob-4-200|200|200|200-uuuu-4_3.json,154.83800220489502,800,773,200-200-173-200
prob-4-200|200|200|200-uuuu-4_4.json,211.93667221069336,800,782,194-195-193-200
prob-4-200|200|200|200-uuuu-4_5.json,198.52342915534973,800,771,198-200-194-179
prob-4-200|200|200|200|200-mmmmm-5_1.json,10791.635658025742,1000,786,146-164-156-160-160
prob-4-200|200|200|200|200-mmmmm-5_2.json,5886.998136997223,1000,758,154-152-153-156-143
prob-4-200|200|200|200|200-mmmmm-5_3.json,7096.011918067932,1000,772,159-156-160-154-143
prob-4-200|200|200|200|200-mmmmm-5_4.json,9629.321993112564,1000,787,150-161-160-161-155
prob-4-200|200|200|200|200-mmmmm-5_5.json,12305.138725042343,1000,752,147-160-142-149-154
prob-4-200|200|200|200|200-uuull-5_1.json,858.2318987846375,1000,624,61-80-83-200-200
prob-4-200|200|200|200|200-uuull-5_2.json,1016.0390801429749,1000,651,71-85-95-200-200
prob-4-200|200|200|200|200-uuull-5_3.json,1152.0174431800842,1000,656,85-94-77-200-200
prob-4-200|200|200|200|200-uuull-5_4.json,616.9205889701843,1000,650,67-106-77-200-200
prob-4-200|200|200|200|200-uuull-5_5.json,912.6811199188232,1000,658,72-100-86-200-200
prob-4-200|200|200|200|200-uuuuu-5_1.json,592.8869659900665,1000,968,172-200-198-198-200
prob-4-200|200|200|200|200-uuuuu-5_2.json,802.2378849983215,1000,924,199-188-200-197-140
prob-4-200|200|200|200|200-uuuuu-5_3.json,518.6975688934326,1000,970,198-172-200-200-200
prob-4-200|200|200|200|200-uuuuu-5_4.json,776.9782958030701,1000,976,198-179-199-200-200
prob-4-200|200|200|200|200-uuuuu-5_5.json,903.7661771774292,1000,941,199-199-200-175-168
prob-4-300|300-ll-2_1.json,2.30948805809021,600,600,300-300
prob-4-300|300-ll-2_2.json,2.300671100616455,600,600,300-300
prob-4-300|300-ll-2_3.json,2.3104188442230225,600,600,300-300
prob-4-300|300-ll-2_4.json,2.68388295173645,600,600,300-300
prob-4-300|300-ll-2_5.json,2.3405020236968994,600,600,300-300
prob-4-300|300-mm-2_1.json,2.1428751945495605,600,553,276-277
prob-4-300|300-mm-2_2.json,2.0940980911254883,600,556,271-285
prob-4-300|300-mm-2_3.json,2.1695640087127686,600,556,274-282
prob-4-300|300-mm-2_4.json,2.1040122509002686,600,555,272-283
prob-4-300|300-mm-2_5.json,2.010563611984253,600,539,288-251
prob-4-300|300-ul-2_1.json,1.7940330505371094,600,517,217-300
prob-4-300|300-ul-2_2.json,1.739642858505249,600,506,206-300
prob-4-300|300-ul-2_3.json,1.841352939605713,600,530,230-300
prob-4-300|300-ul-2_4.json,1.7451798915863037,600,512,212-300
prob-4-300|300-ul-2_5.json,2.2236177921295166,600,523,223-300
prob-4-300|300-uu-2_1.json,2.067751884460449,600,600,300-300
prob-4-300|300-uu-2_2.json,2.0654478073120117,600,600,300-300
prob-4-300|300-uu-2_3.json,2.042646884918213,600,600,300-300
prob-4-300|300-uu-2_4.json,2.0258591175079346,600,600,300-300
prob-4-300|300-uu-2_5.json,1.968446969985962,600,600,300-300
prob-4-300|300|300-lll-3_1.json,143.43922209739685,900,900,300-300-300
prob-4-300|300|300-lll-3_2.json,139.99125003814697,900,900,300-300-300
prob-4-300|300|300-lll-3_3.json,139.23480916023254,900,900,300-300-300
prob-4-300|300|300-lll-3_4.json,142.22719383239746,900,900,300-300-300
prob-4-300|300|300-lll-3_5.json,139.1309289932251,900,900,300-300-300
prob-4-300|300|300-mmm-3_1.json,101.18429183959961,900,768,265-274-229
prob-4-300|300|300-mmm-3_2.json,108.97555875778198,900,733,247-248-238
prob-4-300|300|300-mmm-3_3.json,91.56567096710205,900,733,269-221-243
prob-4-300|300|300-mmm-3_4.json,96.14193201065063,900,734,213-257-264
prob-4-300|300|300-mmm-3_5.json,99.56989860534668,900,727,266-248-213
prob-4-300|300|300-ull-3_1.json,68.09179091453552,900,709,109-300-300
prob-4-300|300|300-ull-3_2.json,70.12785816192627,900,707,107-300-300
prob-4-300|300|300-ull-3_3.json,73.86990594863892,900,721,121-300-300
prob-4-300|300|300-ull-3_4.json,72.4654610157013,900,720,120-300-300
prob-4-300|300|300-ull-3_5.json,65.7317841053009,900,712,112-300-300
prob-4-300|300|300-uuu-3_1.json,56.1374933719635,900,900,300-300-300
prob-4-300|300|300-uuu-3_2.json,50.68966031074524,900,899,300-299-300
prob-4-300|300|300-uuu-3_3.json,60.31155800819397,900,900,300-300-300
prob-4-300|300|300-uuu-3_4.json,54.58504319190979,900,899,300-299-300
prob-4-300|300|300-uuu-3_5.json,62.259279012680054,900,900,300-300-300
prob-4-300|300|300|300-mmmm-4_1.json,3139.0406482219696,1200,900,250-229-217-204
prob-4-300|300|300|300-mmmm-4_2.json,2117.2726850509644,1200,914,232-232-209-241
prob-4-300|300|300|300-mmmm-4_3.json,2465.186621904373,1200,918,241-236-245-196
prob-4-300|300|300|300-mmmm-4_4.json,2848.820723056793,1200,924,239-246-224-215
prob-4-300|300|300|300-mmmm-4_5.json,2129.262149810791,1200,908,197-246-235-230
prob-4-300|300|300|300-uull-4_1.json,473.9189839363098,1200,794,95-99-300-300
prob-4-300|300|300|300-uull-4_2.json,485.24287581443787,1200,818,116-102-300-300
prob-4-300|300|300|300-uull-4_3.json,594.0738899707794,1200,804,105-99-300-300
prob-4-300|300|300|300-uull-4_4.json,526.7525260448456,1200,820,111-109-300-300
prob-4-300|300|300|300-uull-4_5.json,448.40575098991394,1200,803,90-113-300-300
prob-4-300|300|300|300-uuuu-4_1.json,343.38463592529297,1200,1200,300-300-300-300
prob-4-300|300|300|300-uuuu-4_2.json,436.05465173721313,1200,1199,299-300-300-300
prob-4-300|300|300|300-uuuu-4_3.json,383.2981209754944,1200,1198,300-299-299-300
prob-4-300|300|300|300-uuuu-4_4.json,367.5782091617584,1200,1180,280-300-300-300
prob-4-300|300|300|300-uuuu-4_5.json,363.3097426891327,1200,1198,300-298-300-300
prob-4-50|50-ll-2_1.json,0.15854430198669434,100,100,50-50
prob-4-50|50-ll-2_2.json,0.1746387481689453,100,100,50-50
prob-4-50|50-ll-2_3.json,0.19159507751464844,100,100,50-50
prob-4-50|50-ll-2_4.json,0.16802096366882324,100,100,50-50
prob-4-50|50-ll-2_5.json,0.16251921653747559,100,100,50-50
prob-4-50|50-mm-2_1.json,0.18047118186950684,100,99,50-49
prob-4-50|50-mm-2_2.json,0.1649491786956787,100,98,49-49
prob-4-50|50-mm-2_3.json,0.16243505477905273,100,98,50-48
prob-4-50|50-mm-2_4.json,0.17239713668823242,100,97,49-48
prob-4-50|50-mm-2_5.json,0.15689492225646973,100,99,49-50
prob-4-50|50-ul-2_1.json,0.16584110260009766,100,99,49-50
prob-4-50|50-ul-2_2.json,0.14370298385620117,100,100,50-50
prob-4-50|50-ul-2_3.json,0.16855335235595703,100,100,50-50
prob-4-50|50-ul-2_4.json,0.16022586822509766,100,99,49-50
prob-4-50|50-ul-2_5.json,0.15526103973388672,100,100,50-50
prob-4-50|50-uu-2_1.json,0.17103099822998047,100,100,50-50
prob-4-50|50-uu-2_2.json,0.16253900527954102,100,100,50-50
prob-4-50|50-uu-2_3.json,0.15530800819396973,100,100,50-50
prob-4-50|50-uu-2_4.json,0.16957783699035645,100,100,50-50
prob-4-50|50-uu-2_5.json,0.1636180877685547,100,100,50-50
prob-4-50|50|50-lll-3_1.json,1.9239490032196045,150,150,50-50-50
prob-4-50|50|50-lll-3_2.json,2.0195789337158203,150,150,50-50-50
prob-4-50|50|50-lll-3_3.json,1.9007680416107178,150,150,50-50-50
prob-4-50|50|50-lll-3_4.json,2.1158640384674072,150,150,50-50-50
prob-4-50|50|50-lll-3_5.json,2.003100872039795,150,150,50-50-50
prob-4-50|50|50-mmm-3_1.json,1.3754639625549316,150,142,45-47-50
prob-4-50|50|50-mmm-3_2.json,1.3522319793701172,150,145,46-49-50
prob-4-50|50|50-mmm-3_3.json,1.354295015335083,150,142,49-44-49
prob-4-50|50|50-mmm-3_4.json,1.3140671253204346,150,143,48-47-48
prob-4-50|50|50-mmm-3_5.json,1.3328666687011719,150,146,48-48-50
prob-4-50|50|50-ull-3_1.json,1.4091432094573975,150,137,37-50-50
prob-4-50|50|50-ull-3_2.json,1.715897798538208,150,141,41-50-50
prob-4-50|50|50-ull-3_3.json,1.7097909450531006,150,144,44-50-50
prob-4-50|50|50-ull-3_4.json,1.5208699703216553,150,142,42-50-50
prob-4-50|50|50-ull-3_5.json,1.6783380508422852,150,144,44-50-50
prob-4-50|50|50-uuu-3_1.json,1.3114149570465088,150,150,50-50-50
prob-4-50|50|50-uuu-3_2.json,1.3953649997711182,150,150,50-50-50
prob-4-50|50|50-uuu-3_3.json,1.453122854232788,150,150,50-50-50
prob-4-50|50|50-uuu-3_4.json,1.402076005935669,150,150,50-50-50
prob-4-50|50|50-uuu-3_5.json,1.4726390838623047,150,150,50-50-50
prob-4-50|50|50|50-llll-4_1.json,22.86785364151001,200,200,50-50-50-50
prob-4-50|50|50|50-llll-4_2.json,23.18549919128418,200,200,50-50-50-50
prob-4-50|50|50|50-llll-4_3.json,22.606684923171997,200,200,50-50-50-50
prob-4-50|50|50|50-llll-4_4.json,22.208980798721313,200,200,50-50-50-50
prob-4-50|50|50|50-llll-4_5.json,21.728099822998047,200,200,50-50-50-50
prob-4-50|50|50|50-mmmm-4_1.json,12.518789052963257,200,186,45-46-48-47
prob-4-50|50|50|50-mmmm-4_2.json,10.73480772972107,200,188,45-48-48-47
prob-4-50|50|50|50-mmmm-4_3.json,11.566827058792114,200,180,46-44-45-45
prob-4-50|50|50|50-mmmm-4_4.json,12.261034965515137,200,188,49-47-45-47
prob-4-50|50|50|50-mmmm-4_5.json,12.460590839385986,200,187,49-44-47-47
prob-4-50|50|50|50-uull-4_1.json,11.833395004272461,200,184,39-45-50-50
prob-4-50|50|50|50-uull-4_2.json,10.8958261013031,200,181,38-43-50-50
prob-4-50|50|50|50-uull-4_3.json,11.167362928390503,200,186,46-40-50-50
prob-4-50|50|50|50-uull-4_4.json,10.982535123825073,200,180,43-37-50-50
prob-4-50|50|50|50-uull-4_5.json,11.89855408668518,200,177,42-35-50-50
prob-4-50|50|50|50-uuuu-4_1.json,8.964892864227295,200,200,50-50-50-50
prob-4-50|50|50|50-uuuu-4_2.json,8.512107849121094,200,200,50-50-50-50
prob-4-50|50|50|50-uuuu-4_3.json,7.0383100509643555,200,200,50-50-50-50
prob-4-50|50|50|50-uuuu-4_4.json,10.57722020149231,200,200,50-50-50-50
prob-4-50|50|50|50-uuuu-4_5.json,7.748367071151733,200,200,50-50-50-50
prob-4-50|50|50|50|50-mmmmm-5_1.json,75.88782691955566,250,230,47-47-44-49-43
prob-4-50|50|50|50|50-mmmmm-5_2.json,63.54706001281738,250,227,44-45-45-48-45
prob-4-50|50|50|50|50-mmmmm-5_3.json,65.40916299819946,250,230,44-42-47-48-49
prob-4-50|50|50|50|50-mmmmm-5_4.json,68.01778101921082,250,226,42-43-46-49-46
prob-4-50|50|50|50|50-mmmmm-5_5.json,68.45423078536987,250,227,46-43-44-48-46
prob-4-50|50|50|50|50-uuull-5_1.json,39.37078595161438,250,206,37-33-36-50-50
prob-4-50|50|50|50|50-uuull-5_2.json,45.03378891944885,250,220,43-38-39-50-50
prob-4-50|50|50|50|50-uuull-5_3.json,40.3315007686615,250,217,39-42-36-50-50
prob-4-50|50|50|50|50-uuull-5_4.json,57.3082549571991,250,213,36-36-41-50-50
prob-4-50|50|50|50|50-uuull-5_5.json,41.30435514450073,250,215,34-39-42-50-50
prob-4-50|50|50|50|50-uuuuu-5_1.json,45.65610384941101,250,245,46-49-50-50-50
prob-4-50|50|50|50|50-uuuuu-5_2.json,32.45649695396423,250,250,50-50-50-50-50
prob-4-50|50|50|50|50-uuuuu-5_3.json,39.7656466960907,250,241,50-48-50-43-50
prob-4-50|50|50|50|50-uuuuu-5_4.json,44.972169160842896,250,245,50-46-49-50-50
prob-4-50|50|50|50|50-uuuuu-5_5.json,31.38063907623291,250,250,50-50-50-50-50
prob-5-100|100-ll-2_1.json,0.5145058631896973,200,200,100-100
prob-5-100|100-ll-2_2.json,0.5028338432312012,200,200,100-100
prob-5-100|100-ll-2_3.json,0.48349571228027344,200,200,100-100
prob-5-100|100-ll-2_4.json,0.48940277099609375,200,200,100-100
prob-5-100|100-ll-2_5.json,0.49175500869750977,200,200,100-100
prob-5-100|100-mm-2_1.json,0.4607880115509033,200,199,100-99
prob-5-100|100-mm-2_2.json,0.4468719959259033,200,200,100-100
prob-5-100|100-mm-2_3.json,0.41973304748535156,200,198,98-100
prob-5-100|100-mm-2_4.json,0.4494800567626953,200,198,99-99
prob-5-100|100-mm-2_5.json,0.43788886070251465,200,200,100-100
prob-5-100|100-ul-2_1.json,0.45225977897644043,200,198,98-100
prob-5-100|100-ul-2_2.json,0.46185922622680664,200,199,99-100
prob-5-100|100-ul-2_3.json,0.4657909870147705,200,200,100-100
prob-5-100|100-ul-2_4.json,0.48249197006225586,200,200,100-100
prob-5-100|100-ul-2_5.json,0.4854559898376465,200,200,100-100
prob-5-100|100-uu-2_1.json,0.4815506935119629,200,200,100-100
prob-5-100|100-uu-2_2.json,0.4421658515930176,200,200,100-100
prob-5-100|100-uu-2_3.json,0.4678480625152588,200,200,100-100
prob-5-100|100-uu-2_4.json,0.477628231048584,200,200,100-100
prob-5-100|100-uu-2_5.json,0.4433760643005371,200,200,100-100
prob-5-100|100|100-lll-3_1.json,26.426560878753662,300,300,100-100-100
prob-5-100|100|100-lll-3_2.json,27.589827060699463,300,300,100-100-100
prob-5-100|100|100-lll-3_3.json,27.424726009368896,300,300,100-100-100
prob-5-100|100|100-lll-3_4.json,26.65898108482361,300,300,100-100-100
prob-5-100|100|100-lll-3_5.json,27.881112813949585,300,300,100-100-100
prob-5-100|100|100-mmm-3_1.json,15.528843879699707,300,296,99-98-99
prob-5-100|100|100-mmm-3_2.json,14.427167177200317,300,294,95-99-100
prob-5-100|100|100-mmm-3_3.json,16.271119117736816,300,297,99-99-99
prob-5-100|100|100-mmm-3_4.json,15.257414817810059,300,296,99-98-99
prob-5-100|100|100-mmm-3_5.json,14.642636060714722,300,296,98-99-99
prob-5-100|100|100-ull-3_1.json,22.422322273254395,300,294,94-100-100
prob-5-100|100|100-ull-3_2.json,22.660401821136475,300,290,90-100-100
prob-5-100|100|100-ull-3_3.json,22.583007097244263,300,289,89-100-100
prob-5-100|100|100-ull-3_4.json,22.415544986724854,300,290,90-100-100
prob-5-100|100|100-ull-3_5.json,24.308843851089478,300,290,90-100-100
prob-5-100|100|100-uuu-3_1.json,16.857928037643433,300,300,100-100-100
prob-5-100|100|100-uuu-3_2.json,18.630840063095093,300,300,100-100-100
prob-5-100|100|100-uuu-3_3.json,15.35642695426941,300,300,100-100-100
prob-5-100|100|100-uuu-3_4.json,16.627902269363403,300,300,100-100-100
prob-5-100|100|100-uuu-3_5.json,18.311357975006104,300,300,100-100-100
prob-5-100|100|100|100-llll-4_1.json,718.0294871330261,400,400,100-100-100-100
prob-5-100|100|100|100-llll-4_2.json,715.78653216362,400,400,100-100-100-100
prob-5-100|100|100|100-llll-4_3.json,658.9303798675537,400,400,100-100-100-100
prob-5-100|100|100|100-llll-4_4.json,665.8373370170593,400,400,100-100-100-100
prob-5-100|100|100|100-llll-4_5.json,681.8465456962585,400,400,100-100-100-100
prob-5-100|100|100|100-mmmm-4_1.json,270.9152977466583,400,386,96-98-95-97
prob-5-100|100|100|100-mmmm-4_2.json,284.0337448120117,400,388,95-97-97-99
prob-5-100|100|100|100-mmmm-4_3.json,265.83224177360535,400,389,97-98-97-97
prob-5-100|100|100|100-mmmm-4_4.json,287.71738600730896,400,389,96-99-97-97
prob-5-100|100|100|100-mmmm-4_5.json,297.9420371055603,400,387,96-96-98-97
prob-5-100|100|100|100-uull-4_1.json,296.69893527030945,400,385,93-92-100-100
prob-5-100|100|100|100-uull-4_2.json,288.99796509742737,400,370,81-89-100-100
prob-5-100|100|100|100-uull-4_3.json,272.24038195610046,400,374,86-88-100-100
prob-5-100|100|100|100-uull-4_4.json,281.5434079170227,400,370,90-80-100-100
prob-5-100|100|100|100-uull-4_5.json,364.4794731140137,400,381,89-92-100-100
prob-5-100|100|100|100-uuuu-4_1.json,171.0839810371399,400,400,100-100-100-100
prob-5-100|100|100|100-uuuu-4_2.json,234.09471607208252,400,400,100-100-100-100
prob-5-100|100|100|100-uuuu-4_3.json,208.2572250366211,400,400,100-100-100-100
prob-5-100|100|100|100-uuuu-4_4.json,249.22843480110168,400,400,100-100-100-100
prob-5-100|100|100|100-uuuu-4_5.json,196.502583026886,400,400,100-100-100-100
prob-5-100|100|100|100|100-mmmmm-5_1.json,3739.6215007305145,500,480,96-93-98-98-95
prob-5-100|100|100|100|100-mmmmm-5_2.json,4156.8445081710815,500,477,95-94-98-94-96
prob-5-100|100|100|100|100-mmmmm-5_3.json,3114.3909482955933,500,480,95-96-97-97-95
prob-5-100|100|100|100|100-mmmmm-5_4.json,3460.867849111557,500,482,97-95-95-96-99
prob-5-100|100|100|100|100-mmmmm-5_5.json,3525.1038370132446,500,480,95-97-95-96-97
prob-5-100|100|100|100|100-uuull-5_1.json,1967.4235210418701,500,457,83-92-82-100-100
prob-5-100|100|100|100|100-uuull-5_2.json,2038.4776282310486,500,472,92-92-88-100-100
prob-5-100|100|100|100|100-uuull-5_3.json,1811.6237819194794,500,450,88-80-82-100-100
prob-5-100|100|100|100|100-uuull-5_4.json,2322.8820753097534,500,466,83-91-92-100-100
prob-5-100|100|100|100|100-uuull-5_5.json,1677.2893879413605,500,463,91-84-88-100-100
prob-5-100|100|100|100|100-uuuuu-5_1.json,2052.3992578983307,500,500,100-100-100-100-100
prob-5-100|100|100|100|100-uuuuu-5_2.json,1254.3649582862854,500,500,100-100-100-100-100
prob-5-100|100|100|100|100-uuuuu-5_3.json,1339.5195508003235,500,500,100-100-100-100-100
prob-5-100|100|100|100|100-uuuuu-5_4.json,1872.2873117923737,500,500,100-100-100-100-100
prob-5-100|100|100|100|100-uuuuu-5_5.json,1935.852194070816,500,499,100-99-100-100-100
prob-5-200|200-ll-2_1.json,1.684769868850708,400,400,200-200
prob-5-200|200-ll-2_2.json,1.6976020336151123,400,400,200-200
prob-5-200|200-ll-2_3.json,1.9872069358825684,400,400,200-200
prob-5-200|200-ll-2_4.json,1.7269699573516846,400,400,200-200
prob-5-200|200-ll-2_5.json,1.9468660354614258,400,400,200-200
prob-5-200|200-mm-2_1.json,1.4652259349822998,400,390,195-195
prob-5-200|200-mm-2_2.json,1.4835519790649414,400,397,197-200
prob-5-200|200-mm-2_3.json,1.4247429370880127,400,387,193-194
prob-5-200|200-mm-2_4.json,1.4543211460113525,400,398,199-199
prob-5-200|200-mm-2_5.json,1.415644884109497,400,394,197-197
prob-5-200|200-ul-2_1.json,1.5809152126312256,400,398,198-200
prob-5-200|200-ul-2_2.json,1.5933949947357178,400,397,197-200
prob-5-200|200-ul-2_3.json,1.8308041095733643,400,397,197-200
prob-5-200|200-ul-2_4.json,1.5908877849578857,400,399,199-200
prob-5-200|200-ul-2_5.json,1.5573558807373047,400,397,197-200
prob-5-200|200-uu-2_1.json,1.5558338165283203,400,400,200-200
prob-5-200|200-uu-2_2.json,1.5670101642608643,400,400,200-200
prob-5-200|200-uu-2_3.json,1.5165519714355469,400,400,200-200
prob-5-200|200-uu-2_4.json,1.4992618560791016,400,400,200-200
prob-5-200|200-uu-2_5.json,1.5629379749298096,400,400,200-200
prob-5-200|200|200-lll-3_1.json,160.30564284324646,600,600,200-200-200
prob-5-200|200|200-lll-3_2.json,163.9336609840393,600,600,200-200-200
prob-5-200|200|200-lll-3_3.json,169.36763787269592,600,600,200-200-200
prob-5-200|200|200-lll-3_4.json,165.81534886360168,600,600,200-200-200
prob-5-200|200|200-lll-3_5.json,159.59429621696472,600,600,200-200-200
prob-5-200|200|200-mmm-3_1.json,89.26942300796509,600,571,191-191-189
prob-5-200|200|200-mmm-3_2.json,92.67213487625122,600,583,194-195-194
prob-5-200|200|200-mmm-3_3.json,86.60046696662903,600,576,191-191-194
prob-5-200|200|200-mmm-3_4.json,88.4467990398407,600,570,189-191-190
prob-5-200|200|200-mmm-3_5.json,82.81707811355591,600,583,196-193-194
prob-5-200|200|200-ull-3_1.json,108.18561482429504,600,555,155-200-200
prob-5-200|200|200-ull-3_2.json,128.96537399291992,600,557,157-200-200
prob-5-200|200|200-ull-3_3.json,109.08619117736816,600,553,153-200-200
prob-5-200|200|200-ull-3_4.json,113.2483901977539,600,550,150-200-200
prob-5-200|200|200-ull-3_5.json,111.34849691390991,600,557,157-200-200
prob-5-200|200|200-uuu-3_1.json,83.94728493690491,600,600,200-200-200
prob-5-200|200|200-uuu-3_2.json,95.98689484596252,600,600,200-200-200
prob-5-200|200|200-uuu-3_3.json,88.66118311882019,600,600,200-200-200
prob-5-200|200|200-uuu-3_4.json,98.6350781917572,600,600,200-200-200
prob-5-200|200|200-uuu-3_5.json,100.22360610961914,600,600,200-200-200
prob-5-200|200|200|200-llll-4_1.json,8301.283914804459,800,800,200-200-200-200
prob-5-200|200|200|200-llll-4_2.json,8284.030045032501,800,800,200-200-200-200
prob-5-200|200|200|200-llll-4_3.json,8951.71131014824,800,800,200-200-200-200
prob-5-200|200|200|200-mmmm-4_1.json,2212.2534086704254,800,745,183-187-188-187
prob-5-200|200|200|200-mmmm-4_2.json,3116.6155519485474,800,757,187-188-192-190
prob-5-200|200|200|200-mmmm-4_3.json,2674.3747220039368,800,742,187-185-185-185
prob-5-200|200|200|200-mmmm-4_4.json,2356.798933982849,800,746,187-186-185-188
prob-5-200|200|200|200-mmmm-4_5.json,2365.4499180316925,800,754,188-191-189-186
prob-5-200|200|200|200-uull-4_1.json,1810.074765920639,800,708,157-151-200-200
prob-5-200|200|200|200-uull-4_2.json,1705.6910531520844,800,706,151-155-200-200
prob-5-200|200|200|200-uull-4_3.json,1723.3666388988495,800,708,154-154-200-200
prob-5-200|200|200|200-uull-4_4.json,1868.591778755188,800,696,157-139-200-200
prob-5-200|200|200|200-uull-4_5.json,1973.032795906067,800,694,160-134-200-200
prob-5-200|200|200|200-uuuu-4_1.json,1580.2565522193909,800,799,200-199-200-200
prob-5-200|200|200|200-uuuu-4_2.json,1041.5993628501892,800,800,200-200-200-200
prob-5-200|200|200|200-uuuu-4_3.json,1456.7108459472656,800,800,200-200-200-200
prob-5-200|200|200|200-uuuu-4_4.json,1115.2013521194458,800,800,200-200-200-200
prob-5-200|200|200|200-uuuu-4_5.json,1429.727903842926,800,800,200-200-200-200
prob-5-300|300-ll-2_1.json,3.803040027618408,600,600,300-300
prob-5-300|300-ll-2_2.json,3.6866941452026367,600,600,300-300
prob-5-300|300-ll-2_3.json,4.018310308456421,600,600,300-300
prob-5-300|300-ll-2_4.json,3.8305578231811523,600,600,300-300
prob-5-300|300-ll-2_5.json,3.7758750915527344,600,600,300-300
prob-5-300|300-mm-2_1.json,3.108253240585327,600,589,296-293
prob-5-300|300-mm-2_2.json,2.9988460540771484,600,580,290-290
prob-5-300|300-mm-2_3.json,3.162842035293579,600,589,296-293
prob-5-300|300-mm-2_4.json,3.080557107925415,600,589,293-296
prob-5-300|300-mm-2_5.json,2.971034288406372,600,579,289-290
prob-5-300|300-ul-2_1.json,3.2005701065063477,600,580,280-300
prob-5-300|300-ul-2_2.json,3.080625057220459,600,587,287-300
prob-5-300|300-ul-2_3.json,3.315765142440796,600,593,293-300
prob-5-300|300-ul-2_4.json,3.402740001678467,600,587,287-300
prob-5-300|300-ul-2_5.json,3.204779863357544,600,582,282-300
prob-5-300|300-uu-2_1.json,3.1590869426727295,600,600,300-300
prob-5-300|300-uu-2_2.json,3.0384180545806885,600,600,300-300
prob-5-300|300-uu-2_3.json,3.0698208808898926,600,600,300-300
prob-5-300|300-uu-2_4.json,2.9696497917175293,600,600,300-300
prob-5-300|300-uu-2_5.json,2.96899676322937,600,600,300-300
prob-5-300|300|300-lll-3_1.json,462.2353959083557,900,900,300-300-300
prob-5-300|300|300-lll-3_2.json,482.3041150569916,900,900,300-300-300
prob-5-300|300|300-lll-3_3.json,457.80999398231506,900,900,300-300-300
prob-5-300|300|300-lll-3_4.json,458.85715675354004,900,900,300-300-300
prob-5-300|300|300-lll-3_5.json,460.51286578178406,900,900,300-300-300
prob-5-300|300|300-mmm-3_1.json,244.90185594558716,900,844,276-285-283
prob-5-300|300|300-mmm-3_2.json,242.43440175056458,900,850,288-285-277
prob-5-300|300|300-mmm-3_3.json,246.11493706703186,900,852,288-284-280
prob-5-300|300|300-mmm-3_4.json,242.61968421936035,900,856,289-290-277
prob-5-300|300|300-mmm-3_5.json,250.8993740081787,900,856,287-284-285
prob-5-300|300|300-ull-3_1.json,266.78168511390686,900,807,207-300-300
prob-5-300|300|300-ull-3_2.json,293.45551109313965,900,810,210-300-300
prob-5-300|300|300-ull-3_3.json,237.97825384140015,900,796,196-300-300
prob-5-300|300|300-ull-3_4.json,286.8315360546112,900,807,207-300-300
prob-5-300|300|300-ull-3_5.json,283.20258688926697,900,801,201-300-300
prob-5-300|300|300-uuu-3_1.json,201.21915292739868,900,900,300-300-300
prob-5-300|300|300-uuu-3_2.json,180.4952609539032,900,900,300-300-300
prob-5-300|300|300-uuu-3_3.json,169.2433693408966,900,900,300-300-300
prob-5-300|300|300-uuu-3_4.json,165.10440015792847,900,900,300-300-300
prob-5-300|300|300-uuu-3_5.json,168.7521789073944,900,900,300-300-300
prob-5-300|300|300|300-mmmm-4_1.json,16389.03637933731,1200,1097,280-268-275-274
prob-5-300|300|300|300-mmmm-4_2.json,15643.027850866318,1200,1103,264-278-278-283
prob-5-300|300|300|300-mmmm-4_3.json,14065.355352163315,1200,1068,262-263-266-277
prob-5-300|300|300|300-mmmm-4_4.json,15912.718647003174,1200,1091,262-273-279-277
prob-5-300|300|300|300-mmmm-4_5.json,16031.105465173721,1200,1105,282-279-263-281
prob-5-300|300|300|300-uull-4_1.json,4522.648138046265,1200,983,201-182-300-300
prob-5-300|300|300|300-uull-4_2.json,5619.282674074173,1200,1005,205-200-300-300
prob-5-300|300|300|300-uull-4_3.json,9090.639779090881,1200,989,201-188-300-300
prob-5-300|300|300|300-uull-4_4.json,6535.320064783096,1200,994,198-196-300-300
prob-5-300|300|300|300-uull-4_5.json,4176.953071832657,1200,984,206-178-300-300
prob-5-300|300|300|300-uuuu-4_1.json,1997.9369690418243,1200,1200,300-300-300-300
prob-5-300|300|300|300-uuuu-4_2.json,3813.8789608478546,1200,1199,300-300-300-299
prob-5-300|300|300|300-uuuu-4_3.json,3791.2859041690826,1200,1200,300-300-300-300
prob-5-300|300|300|300-uuuu-4_4.json,3090.2094371318817,1200,1200,300-300-300-300
prob-5-300|300|300|300-uuuu-4_5.json,2389.4146649837494,1200,1199,299-300-300-300
prob-5-50|50-ll-2_1.json,0.19811201095581055,100,100,50-50
prob-5-50|50-ll-2_2.json,0.21161913871765137,100,100,50-50
prob-5-50|50-ll-2_3.json,0.20561790466308594,100,100,50-50
prob-5-50|50-ll-2_4.json,0.20340991020202637,100,100,50-50
prob-5-50|50-ll-2_5.json,0.18380093574523926,100,100,50-50
prob-5-50|50-mm-2_1.json,0.1922450065612793,100,100,50-50
prob-5-50|50-mm-2_2.json,0.17742300033569336,100,100,50-50
prob-5-50|50-mm-2_3.json,0.17085886001586914,100,100,50-50
prob-5-50|50-mm-2_4.json,0.16706490516662598,100,100,50-50
prob-5-50|50-mm-2_5.json,0.16492390632629395,100,100,50-50
prob-5-50|50-ul-2_1.json,0.2093949317932129,100,100,50-50
prob-5-50|50-ul-2_2.json,0.20373797416687012,100,100,50-50
prob-5-50|50-ul-2_3.json,0.18971610069274902,100,100,50-50
prob-5-50|50-ul-2_4.json,0.2071850299835205,100,100,50-50
prob-5-50|50-ul-2_5.json,0.1981220245361328,100,100,50-50
prob-5-50|50-uu-2_1.json,0.2042710781097412,100,100,50-50
prob-5-50|50-uu-2_2.json,0.2295238971710205,100,100,50-50
prob-5-50|50-uu-2_3.json,0.18136906623840332,100,100,50-50
prob-5-50|50-uu-2_4.json,0.18273019790649414,100,100,50-50
prob-5-50|50-uu-2_5.json,0.19650697708129883,100,100,50-50
prob-5-50|50|50-lll-3_1.json,4.221987009048462,150,150,50-50-50
prob-5-50|50|50-lll-3_2.json,4.021816968917847,150,150,50-50-50
prob-5-50|50|50-lll-3_3.json,4.230489015579224,150,150,50-50-50
prob-5-50|50|50-lll-3_4.json,4.176399230957031,150,150,50-50-50
prob-5-50|50|50-lll-3_5.json,4.121484994888306,150,150,50-50-50
prob-5-50|50|50-mmm-3_1.json,3.0966742038726807,150,150,50-50-50
prob-5-50|50|50-mmm-3_2.json,2.5066449642181396,150,150,50-50-50
prob-5-50|50|50-mmm-3_3.json,2.7070541381835938,150,150,50-50-50
prob-5-50|50|50-mmm-3_4.json,3.014915704727173,150,150,50-50-50
prob-5-50|50|50-mmm-3_5.json,2.813066005706787,150,150,50-50-50
prob-5-50|50|50-ull-3_1.json,3.2189218997955322,150,149,49-50-50
prob-5-50|50|50-ull-3_2.json,3.884166955947876,150,150,50-50-50
prob-5-50|50|50-ull-3_3.json,3.810020923614502,150,150,50-50-50
prob-5-50|50|50-ull-3_4.json,3.757378101348877,150,150,50-50-50
prob-5-50|50|50-ull-3_5.json,4.061835050582886,150,150,50-50-50
prob-5-50|50|50-uuu-3_1.json,3.2873079776763916,150,150,50-50-50
prob-5-50|50|50-uuu-3_2.json,3.268434762954712,150,150,50-50-50
prob-5-50|50|50-uuu-3_3.json,3.3885419368743896,150,150,50-50-50
prob-5-50|50|50-uuu-3_4.json,3.380281925201416,150,150,50-50-50
prob-5-50|50|50-uuu-3_5.json,3.5226080417633057,150,150,50-50-50
prob-5-50|50|50|50-llll-4_1.json,89.36819505691528,200,200,50-50-50-50
prob-5-50|50|50|50-llll-4_2.json,91.5508041381836,200,200,50-50-50-50
prob-5-50|50|50|50-llll-4_3.json,84.17424893379211,200,200,50-50-50-50
prob-5-50|50|50|50-llll-4_4.json,84.6098518371582,200,200,50-50-50-50
prob-5-50|50|50|50-llll-4_5.json,84.30854105949402,200,200,50-50-50-50
prob-5-50|50|50|50-mmmm-4_1.json,37.8892080783844,200,200,50-50-50-50
prob-5-50|50|50|50-mmmm-4_2.json,35.77592611312866,200,200,50-50-50-50
prob-5-50|50|50|50-mmmm-4_3.json,37.412225008010864,200,197,50-49-48-50
prob-5-50|50|50|50-mmmm-4_4.json,42.02927803993225,200,199,50-49-50-50
prob-5-50|50|50|50-mmmm-4_5.json,39.55056190490723,200,200,50-50-50-50
prob-5-50|50|50|50-uull-4_1.json,44.13249206542969,200,199,50-49-50-50
prob-5-50|50|50|50-uull-4_2.json,51.673420906066895,200,200,50-50-50-50
prob-5-50|50|50|50-uull-4_3.json,40.18946599960327,200,199,49-50-50-50
prob-5-50|50|50|50-uull-4_4.json,60.435713052749634,200,200,50-50-50-50
prob-5-50|50|50|50-uull-4_5.json,52.12541913986206,200,199,49-50-50-50
prob-5-50|50|50|50-uuuu-4_1.json,44.84194731712341,200,200,50-50-50-50
prob-5-50|50|50|50-uuuu-4_2.json,37.684727907180786,200,200,50-50-50-50
prob-5-50|50|50|50-uuuu-4_3.json,37.66800904273987,200,200,50-50-50-50
prob-5-50|50|50|50-uuuu-4_4.json,33.236226081848145,200,200,50-50-50-50
prob-5-50|50|50|50-uuuu-4_5.json,41.014386892318726,200,200,50-50-50-50
prob-5-50|50|50|50|50-mmmmm-5_1.json,286.1253399848938,250,248,50-49-49-50-50
prob-5-50|50|50|50|50-mmmmm-5_2.json,281.1577978134155,250,248,50-49-49-50-50
prob-5-50|50|50|50|50-mmmmm-5_3.json,357.73330783843994,250,247,50-49-49-49-50
prob-5-50|50|50|50|50-mmmmm-5_4.json,337.75228118896484,250,248,49-50-49-50-50
prob-5-50|50|50|50|50-mmmmm-5_5.json,319.1629078388214,250,248,50-50-48-50-50
prob-5-50|50|50|50|50-uuull-5_1.json,290.0274999141693,250,248,49-50-49-50-50
prob-5-50|50|50|50|50-uuull-5_2.json,476.3675000667572,250,247,48-50-49-50-50
prob-5-50|50|50|50|50-uuull-5_3.json,395.9780788421631,250,249,49-50-50-50-50
prob-5-50|50|50|50|50-uuull-5_4.json,364.131685256958,250,250,50-50-50-50-50
prob-5-50|50|50|50|50-uuull-5_5.json,303.3536608219147,250,248,49-50-49-50-50
prob-5-50|50|50|50|50-uuuuu-5_1.json,279.6448481082916,250,250,50-50-50-50-50
prob-5-50|50|50|50|50-uuuuu-5_2.json,239.7281138896942,250,250,50-50-50-50-50
prob-5-50|50|50|50|50-uuuuu-5_3.json,247.91953325271606,250,250,50-50-50-50-50
prob-5-50|50|50|50|50-uuuuu-5_4.json,242.15983200073242,250,250,50-50-50-50-50
prob-5-50|50|50|50|50-uuuuu-5_5.json,278.4778048992157,250,250,50-50-50-50-50
prob-4-50|50|50|50-llll-4_1.json,35.07641577720642,200,200,50-50-50-50
prob-4-50|50|50|50-llll-4_2.json,35.07756233215332,200,200,50-50-50-50
prob-4-50|50|50|50-llll-4_3.json,34.19924998283386,200,200,50-50-50-50
prob-4-50|50|50|50-llll-4_4.json,33.17941117286682,200,200,50-50-50-50
prob-4-50|50|50|50-llll-4_5.json,26.523558855056763,200,200,50-50-50-50
prob-4-50|50|50|50-mmmm-4_1.json,19.596315145492554,200,186,45-46-48-47
prob-4-50|50|50|50-mmmm-4_2.json,16.847737789154053,200,188,45-48-48-47
prob-4-50|50|50|50-mmmm-4_3.json,19.28942608833313,200,180,46-44-45-45
prob-4-50|50|50|50-mmmm-4_4.json,19.2999210357666,200,188,49-47-45-47
prob-4-50|50|50|50-mmmm-4_5.json,18.06490397453308,200,187,49-44-47-47
prob-4-50|50|50|50-uull-4_1.json,18.06738519668579,200,184,39-45-50-50
prob-4-50|50|50|50-uull-4_2.json,16.50504183769226,200,181,38-43-50-50
prob-4-50|50|50|50-uull-4_3.json,17.878597736358643,200,186,46-40-50-50
prob-4-50|50|50|50-uull-4_4.json,17.4876549243927,200,180,43-37-50-50
prob-4-50|50|50|50-uull-4_5.json,17.179671049118042,200,177,42-35-50-50
prob-4-50|50|50|50-uuuu-4_1.json,14.16406774520874,200,200,50-50-50-50
prob-4-50|50|50|50-uuuu-4_2.json,13.52994990348816,200,200,50-50-50-50
prob-4-50|50|50|50-uuuu-4_3.json,11.605720043182373,200,200,50-50-50-50
prob-4-50|50|50|50-uuuu-4_4.json,17.57878303527832,200,200,50-50-50-50
prob-4-50|50|50|50-uuuu-4_5.json,12.126993894577026,200,200,50-50-50-50
