prefix,Y1_size,Y2_size,U,U_time,dominated_points,dominated_relative_Y2,t1,t2,s1,s2,seed,ub_level
l-l_10_10_lexmin_1_,10,10,18,0.0021140575408935547,0,0.0,l,l,10,10,1,lexmin
l-l_10_10_lexmin_2_,10,10,7,0.0007071495056152344,0,0.0,l,l,10,10,2,lexmin
l-l_10_10_lexmin_3_,10,10,18,0.001867055892944336,0,0.0,l,l,10,10,3,lexmin
l-l_10_10_lexmin_4_,10,10,10,0.0010111331939697266,0,0.0,l,l,10,10,4,lexmin
l-l_10_10_lexmin_5_,10,10,7,0.0006990432739257812,0,0.0,l,l,10,10,5,lexmin
l-m_10_10_lexmin_1_,10,10,16,0.0016968250274658203,0,0.0,l,m,10,10,1,lexmin
l-m_10_10_lexmin_2_,10,10,7,0.0006799697875976562,0,0.0,l,m,10,10,2,lexmin
l-m_10_10_lexmin_3_,10,10,9,0.0008418560028076172,0,0.0,l,m,10,10,3,lexmin
l-m_10_10_lexmin_4_,10,10,15,0.0016798973083496094,0,0.0,l,m,10,10,4,lexmin
l-m_10_10_lexmin_5_,10,10,9,0.0009279251098632812,0,0.0,l,m,10,10,5,lexmin
l-u_10_10_lexmin_1_,10,10,19,0.002306222915649414,1,0.1,l,u,10,10,1,lexmin
l-u_10_10_lexmin_2_,10,10,12,0.0013620853424072266,2,0.2,l,u,10,10,2,lexmin
l-u_10_10_lexmin_3_,10,10,11,0.0011508464813232422,0,0.0,l,u,10,10,3,lexmin
l-u_10_10_lexmin_4_,10,10,16,0.0019898414611816406,6,0.6,l,u,10,10,4,lexmin
l-u_10_10_lexmin_5_,10,10,5,0.0004949569702148438,0,0.0,l,u,10,10,5,lexmin
m-l_10_10_lexmin_1_,10,10,18,0.002232074737548828,0,0.0,m,l,10,10,1,lexmin
m-l_10_10_lexmin_2_,10,10,15,0.0018360614776611328,0,0.0,m,l,10,10,2,lexmin
m-l_10_10_lexmin_3_,10,10,17,0.002246856689453125,0,0.0,m,l,10,10,3,lexmin
m-l_10_10_lexmin_4_,10,10,16,0.002149820327758789,0,0.0,m,l,10,10,4,lexmin
m-l_10_10_lexmin_5_,10,10,24,0.00341796875,0,0.0,m,l,10,10,5,lexmin
m-m_10_10_lexmin_1_,10,10,18,0.0028421878814697266,0,0.0,m,m,10,10,1,lexmin
m-m_10_10_lexmin_2_,10,10,15,0.002215147018432617,0,0.0,m,m,10,10,2,lexmin
m-m_10_10_lexmin_3_,10,10,13,0.001983165740966797,0,0.0,m,m,10,10,3,lexmin
m-m_10_10_lexmin_4_,10,10,18,0.002881765365600586,0,0.0,m,m,10,10,4,lexmin
m-m_10_10_lexmin_5_,10,10,17,0.0026998519897460938,0,0.0,m,m,10,10,5,lexmin
m-u_10_10_lexmin_1_,10,10,16,0.0024569034576416016,4,0.4,m,u,10,10,1,lexmin
m-u_10_10_lexmin_2_,10,10,17,0.002576112747192383,3,0.3,m,u,10,10,2,lexmin
m-u_10_10_lexmin_3_,10,10,16,0.0023310184478759766,1,0.1,m,u,10,10,3,lexmin
m-u_10_10_lexmin_4_,10,10,13,0.0018665790557861328,0,0.0,m,u,10,10,4,lexmin
m-u_10_10_lexmin_5_,10,10,19,0.0027921199798583984,5,0.5,m,u,10,10,5,lexmin
u-l_10_10_lexmin_1_,10,10,15,0.002341032028198242,0,0.0,u,l,10,10,1,lexmin
u-l_10_10_lexmin_2_,10,10,10,0.0016319751739501953,0,0.0,u,l,10,10,2,lexmin
u-l_10_10_lexmin_3_,10,10,20,0.0032799243927001953,0,0.0,u,l,10,10,3,lexmin
u-l_10_10_lexmin_4_,10,10,7,0.0010979175567626953,0,0.0,u,l,10,10,4,lexmin
u-l_10_10_lexmin_5_,10,10,16,0.0025339126586914062,0,0.0,u,l,10,10,5,lexmin
u-m_10_10_lexmin_1_,10,10,8,0.0010530948638916016,0,0.0,u,m,10,10,1,lexmin
u-m_10_10_lexmin_2_,10,10,10,0.0016570091247558594,0,0.0,u,m,10,10,2,lexmin
u-m_10_10_lexmin_3_,10,10,16,0.002657175064086914,0,0.0,u,m,10,10,3,lexmin
u-m_10_10_lexmin_4_,10,10,8,0.0010228157043457031,0,0.0,u,m,10,10,4,lexmin
u-m_10_10_lexmin_5_,10,10,7,0.0007839202880859375,0,0.0,u,m,10,10,5,lexmin
u-u_10_10_lexmin_1_,10,10,15,0.001725912094116211,4,0.4,u,u,10,10,1,lexmin
u-u_10_10_lexmin_2_,10,10,11,0.0012569427490234375,0,0.0,u,u,10,10,2,lexmin
u-u_10_10_lexmin_3_,10,10,11,0.0012080669403076172,0,0.0,u,u,10,10,3,lexmin
u-u_10_10_lexmin_4_,10,10,6,0.0005109310150146484,0,0.0,u,u,10,10,4,lexmin
u-u_10_10_lexmin_5_,10,10,7,0.0006890296936035156,0,0.0,u,u,10,10,5,lexmin
l-l_10_10_extreme_1_,10,10,18,0.003565073013305664,0,0.0,l,l,10,10,1,extreme
l-l_10_10_extreme_2_,10,10,14,0.002931356430053711,0,0.0,l,l,10,10,2,extreme
l-l_10_10_extreme_3_,10,10,11,0.001783132553100586,0,0.0,l,l,10,10,3,extreme
l-l_10_10_extreme_4_,10,10,19,0.0036208629608154297,0,0.0,l,l,10,10,4,extreme
l-l_10_10_extreme_5_,10,10,12,0.002576112747192383,0,0.0,l,l,10,10,5,extreme
l-m_10_10_extreme_1_,10,10,15,0.0021681785583496094,0,0.0,l,m,10,10,1,extreme
l-m_10_10_extreme_2_,10,10,12,0.0016751289367675781,0,0.0,l,m,10,10,2,extreme
l-m_10_10_extreme_3_,10,10,14,0.0023963451385498047,0,0.0,l,m,10,10,3,extreme
l-m_10_10_extreme_4_,10,10,14,0.0016138553619384766,0,0.0,l,m,10,10,4,extreme
l-m_10_10_extreme_5_,10,10,12,0.0015778541564941406,0,0.0,l,m,10,10,5,extreme
l-u_10_10_extreme_1_,10,10,19,0.0020868778228759766,1,0.1,l,u,10,10,1,extreme
l-u_10_10_extreme_2_,10,10,12,0.0011820793151855469,2,0.2,l,u,10,10,2,extreme
l-u_10_10_extreme_3_,10,10,11,0.001043081283569336,0,0.0,l,u,10,10,3,extreme
l-u_10_10_extreme_4_,10,10,16,0.0016977787017822266,6,0.6,l,u,10,10,4,extreme
l-u_10_10_extreme_5_,10,10,5,0.0004177093505859375,0,0.0,l,u,10,10,5,extreme
m-l_10_10_extreme_1_,10,10,22,0.003652811050415039,0,0.0,m,l,10,10,1,extreme
m-l_10_10_extreme_2_,10,10,17,0.0031690597534179688,0,0.0,m,l,10,10,2,extreme
m-l_10_10_extreme_3_,10,10,16,0.0028417110443115234,0,0.0,m,l,10,10,3,extreme
m-l_10_10_extreme_4_,10,10,26,0.004662036895751953,0,0.0,m,l,10,10,4,extreme
m-l_10_10_extreme_5_,10,10,21,0.004819154739379883,0,0.0,m,l,10,10,5,extreme
m-m_10_10_extreme_1_,10,10,17,0.0018689632415771484,0,0.0,m,m,10,10,1,extreme
m-m_10_10_extreme_2_,10,10,16,0.0018858909606933594,0,0.0,m,m,10,10,2,extreme
m-m_10_10_extreme_3_,10,10,17,0.0028579235076904297,1,0.1,m,m,10,10,3,extreme
m-m_10_10_extreme_4_,10,10,12,0.0013461112976074219,0,0.0,m,m,10,10,4,extreme
m-m_10_10_extreme_5_,10,10,12,0.0016529560089111328,1,0.1,m,m,10,10,5,extreme
m-u_10_10_extreme_1_,10,10,16,0.0016965866088867188,4,0.4,m,u,10,10,1,extreme
m-u_10_10_extreme_2_,10,10,17,0.0017828941345214844,3,0.3,m,u,10,10,2,extreme
m-u_10_10_extreme_3_,10,10,16,0.0016067028045654297,1,0.1,m,u,10,10,3,extreme
m-u_10_10_extreme_4_,10,10,13,0.0012710094451904297,0,0.0,m,u,10,10,4,extreme
m-u_10_10_extreme_5_,10,10,19,0.0019321441650390625,5,0.5,m,u,10,10,5,extreme
u-l_10_10_extreme_1_,10,10,15,0.0024137496948242188,0,0.0,u,l,10,10,1,extreme
u-l_10_10_extreme_2_,10,10,10,0.0013189315795898438,0,0.0,u,l,10,10,2,extreme
u-l_10_10_extreme_3_,10,10,16,0.0029811859130859375,0,0.0,u,l,10,10,3,extreme
u-l_10_10_extreme_4_,10,10,11,0.0015740394592285156,0,0.0,u,l,10,10,4,extreme
u-l_10_10_extreme_5_,10,10,13,0.002928018569946289,0,0.0,u,l,10,10,5,extreme
u-m_10_10_extreme_1_,10,10,12,0.0013468265533447266,0,0.0,u,m,10,10,1,extreme
u-m_10_10_extreme_2_,10,10,12,0.001834869384765625,0,0.0,u,m,10,10,2,extreme
u-m_10_10_extreme_3_,10,10,14,0.002346038818359375,0,0.0,u,m,10,10,3,extreme
u-m_10_10_extreme_4_,10,10,6,0.0006649494171142578,0,0.0,u,m,10,10,4,extreme
u-m_10_10_extreme_5_,10,10,8,0.00096893310546875,0,0.0,u,m,10,10,5,extreme
u-u_10_10_extreme_1_,10,10,15,0.0016131401062011719,4,0.4,u,u,10,10,1,extreme
u-u_10_10_extreme_2_,10,10,11,0.0012161731719970703,0,0.0,u,u,10,10,2,extreme
u-u_10_10_extreme_3_,10,10,11,0.0011677742004394531,0,0.0,u,u,10,10,3,extreme
u-u_10_10_extreme_4_,10,10,6,0.0004980564117431641,0,0.0,u,u,10,10,4,extreme
u-u_10_10_extreme_5_,10,10,7,0.0006709098815917969,0,0.0,u,u,10,10,5,extreme
l-l_10_10_0.25_1_,10,10,18,0.0035316944122314453,0,0.0,l,l,10,10,1,0.25
l-l_10_10_0.25_2_,10,10,14,0.0028510093688964844,0,0.0,l,l,10,10,2,0.25
l-l_10_10_0.25_3_,10,10,11,0.0017330646514892578,0,0.0,l,l,10,10,3,0.25
l-l_10_10_0.25_4_,10,10,19,0.0034470558166503906,0,0.0,l,l,10,10,4,0.25
l-l_10_10_0.25_5_,10,10,12,0.0025129318237304688,0,0.0,l,l,10,10,5,0.25
l-m_10_10_0.25_1_,10,10,16,0.0026879310607910156,0,0.0,l,m,10,10,1,0.25
l-m_10_10_0.25_2_,10,10,12,0.001737833023071289,0,0.0,l,m,10,10,2,0.25
l-m_10_10_0.25_3_,10,10,14,0.0023491382598876953,0,0.0,l,m,10,10,3,0.25
l-m_10_10_0.25_4_,10,10,15,0.0020940303802490234,0,0.0,l,m,10,10,4,0.25
l-m_10_10_0.25_5_,10,10,12,0.0016739368438720703,0,0.0,l,m,10,10,5,0.25
l-u_10_10_0.25_1_,10,10,22,0.003071308135986328,1,0.1,l,u,10,10,1,0.25
l-u_10_10_0.25_2_,10,10,14,0.0014891624450683594,2,0.2,l,u,10,10,2,0.25
l-u_10_10_0.25_3_,10,10,13,0.0019252300262451172,1,0.1,l,u,10,10,3,0.25
l-u_10_10_0.25_4_,10,10,20,0.0022110939025878906,6,0.6,l,u,10,10,4,0.25
l-u_10_10_0.25_5_,10,10,14,0.0016887187957763672,0,0.0,l,u,10,10,5,0.25
m-l_10_10_0.25_1_,10,10,22,0.0034868717193603516,0,0.0,m,l,10,10,1,0.25
m-l_10_10_0.25_2_,10,10,17,0.003078937530517578,0,0.0,m,l,10,10,2,0.25
m-l_10_10_0.25_3_,10,10,16,0.0028219223022460938,0,0.0,m,l,10,10,3,0.25
m-l_10_10_0.25_4_,10,10,26,0.004602909088134766,0,0.0,m,l,10,10,4,0.25
m-l_10_10_0.25_5_,10,10,21,0.004724979400634766,0,0.0,m,l,10,10,5,0.25
m-m_10_10_0.25_1_,10,10,18,0.002132892608642578,0,0.0,m,m,10,10,1,0.25
m-m_10_10_0.25_2_,10,10,17,0.002498149871826172,0,0.0,m,m,10,10,2,0.25
m-m_10_10_0.25_3_,10,10,17,0.0025310516357421875,1,0.1,m,m,10,10,3,0.25
m-m_10_10_0.25_4_,10,10,13,0.0015969276428222656,0,0.0,m,m,10,10,4,0.25
m-m_10_10_0.25_5_,10,10,10,0.0015048980712890625,1,0.1,m,m,10,10,5,0.25
m-u_10_10_0.25_1_,10,10,18,0.0023429393768310547,4,0.4,m,u,10,10,1,0.25
m-u_10_10_0.25_2_,10,10,24,0.0026962757110595703,3,0.3,m,u,10,10,2,0.25
m-u_10_10_0.25_3_,10,10,18,0.0030210018157958984,1,0.1,m,u,10,10,3,0.25
m-u_10_10_0.25_4_,10,10,16,0.0018172264099121094,0,0.0,m,u,10,10,4,0.25
m-u_10_10_0.25_5_,10,10,24,0.0024161338806152344,5,0.5,m,u,10,10,5,0.25
u-l_10_10_0.25_1_,10,10,15,0.002374887466430664,0,0.0,u,l,10,10,1,0.25
u-l_10_10_0.25_2_,10,10,10,0.0012750625610351562,0,0.0,u,l,10,10,2,0.25
u-l_10_10_0.25_3_,10,10,16,0.002780914306640625,0,0.0,u,l,10,10,3,0.25
u-l_10_10_0.25_4_,10,10,11,0.001506805419921875,0,0.0,u,l,10,10,4,0.25
u-l_10_10_0.25_5_,10,10,13,0.0028829574584960938,0,0.0,u,l,10,10,5,0.25
u-m_10_10_0.25_1_,10,10,13,0.0020449161529541016,0,0.0,u,m,10,10,1,0.25
u-m_10_10_0.25_2_,10,10,12,0.0032529830932617188,0,0.0,u,m,10,10,2,0.25
u-m_10_10_0.25_3_,10,10,14,0.0023932456970214844,0,0.0,u,m,10,10,3,0.25
u-m_10_10_0.25_4_,10,10,7,0.002140045166015625,0,0.0,u,m,10,10,4,0.25
u-m_10_10_0.25_5_,10,10,10,0.0013751983642578125,0,0.0,u,m,10,10,5,0.25
u-u_10_10_0.25_1_,10,10,20,0.004606962203979492,4,0.4,u,u,10,10,1,0.25
u-u_10_10_0.25_2_,10,10,12,0.0014410018920898438,0,0.0,u,u,10,10,2,0.25
u-u_10_10_0.25_3_,10,10,11,0.001981973648071289,0,0.0,u,u,10,10,3,0.25
u-u_10_10_0.25_4_,10,10,7,0.0007159709930419922,0,0.0,u,u,10,10,4,0.25
u-u_10_10_0.25_5_,10,10,14,0.0023298263549804688,0,0.0,u,u,10,10,5,0.25
l-l_10_10_0.5_1_,10,10,18,0.0035529136657714844,0,0.0,l,l,10,10,1,0.5
l-l_10_10_0.5_2_,10,10,14,0.00298309326171875,0,0.0,l,l,10,10,2,0.5
l-l_10_10_0.5_3_,10,10,11,0.0017969608306884766,0,0.0,l,l,10,10,3,0.5
l-l_10_10_0.5_4_,10,10,19,0.0036230087280273438,0,0.0,l,l,10,10,4,0.5
l-l_10_10_0.5_5_,10,10,12,0.002624034881591797,0,0.0,l,l,10,10,5,0.5
l-m_10_10_0.5_1_,10,10,24,0.0054416656494140625,0,0.0,l,m,10,10,1,0.5
l-m_10_10_0.5_2_,10,10,16,0.002666950225830078,0,0.0,l,m,10,10,2,0.5
l-m_10_10_0.5_3_,10,10,19,0.003448009490966797,0,0.0,l,m,10,10,3,0.5
l-m_10_10_0.5_4_,10,10,25,0.004054069519042969,0,0.0,l,m,10,10,4,0.5
l-m_10_10_0.5_5_,10,10,13,0.0019030570983886719,0,0.0,l,m,10,10,5,0.5
l-u_10_10_0.5_1_,10,10,26,0.004053831100463867,1,0.1,l,u,10,10,1,0.5
l-u_10_10_0.5_2_,10,10,15,0.0016820430755615234,2,0.2,l,u,10,10,2,0.5
l-u_10_10_0.5_3_,10,10,15,0.0026311874389648438,1,0.1,l,u,10,10,3,0.5
l-u_10_10_0.5_4_,10,10,23,0.0027968883514404297,6,0.6,l,u,10,10,4,0.5
l-u_10_10_0.5_5_,10,10,10,0.0013480186462402344,0,0.0,l,u,10,10,5,0.5
m-l_10_10_0.5_1_,10,10,22,0.0036160945892333984,0,0.0,m,l,10,10,1,0.5
m-l_10_10_0.5_2_,10,10,17,0.003185749053955078,0,0.0,m,l,10,10,2,0.5
m-l_10_10_0.5_3_,10,10,16,0.002853870391845703,0,0.0,m,l,10,10,3,0.5
m-l_10_10_0.5_4_,10,10,26,0.004742860794067383,0,0.0,m,l,10,10,4,0.5
m-l_10_10_0.5_5_,10,10,21,0.004827976226806641,0,0.0,m,l,10,10,5,0.5
m-m_10_10_0.5_1_,10,10,19,0.0024738311767578125,0,0.0,m,m,10,10,1,0.5
m-m_10_10_0.5_2_,10,10,26,0.004130125045776367,0,0.0,m,m,10,10,2,0.5
m-m_10_10_0.5_3_,10,10,17,0.0025708675384521484,1,0.1,m,m,10,10,3,0.5
m-m_10_10_0.5_4_,10,10,14,0.0020160675048828125,0,0.0,m,m,10,10,4,0.5
m-m_10_10_0.5_5_,10,10,10,0.0015680789947509766,1,0.1,m,m,10,10,5,0.5
m-u_10_10_0.5_1_,10,10,18,0.0023627281188964844,4,0.4,m,u,10,10,1,0.5
m-u_10_10_0.5_2_,10,10,24,0.0026700496673583984,3,0.3,m,u,10,10,2,0.5
m-u_10_10_0.5_3_,10,10,20,0.003916025161743164,1,0.1,m,u,10,10,3,0.5
m-u_10_10_0.5_4_,10,10,18,0.0022857189178466797,1,0.1,m,u,10,10,4,0.5
m-u_10_10_0.5_5_,10,10,24,0.0024721622467041016,5,0.5,m,u,10,10,5,0.5
u-l_10_10_0.5_1_,10,10,15,0.002337217330932617,0,0.0,u,l,10,10,1,0.5
u-l_10_10_0.5_2_,10,10,10,0.0013391971588134766,0,0.0,u,l,10,10,2,0.5
u-l_10_10_0.5_3_,10,10,16,0.0027840137481689453,0,0.0,u,l,10,10,3,0.5
u-l_10_10_0.5_4_,10,10,11,0.0015101432800292969,0,0.0,u,l,10,10,4,0.5
u-l_10_10_0.5_5_,10,10,13,0.0028438568115234375,0,0.0,u,l,10,10,5,0.5
u-m_10_10_0.5_1_,10,10,12,0.0016870498657226562,0,0.0,u,m,10,10,1,0.5
u-m_10_10_0.5_2_,10,10,14,0.0026929378509521484,0,0.0,u,m,10,10,2,0.5
u-m_10_10_0.5_3_,10,10,15,0.0026090145111083984,0,0.0,u,m,10,10,3,0.5
u-m_10_10_0.5_4_,10,10,9,0.0011320114135742188,0,0.0,u,m,10,10,4,0.5
u-m_10_10_0.5_5_,10,10,11,0.0015249252319335938,0,0.0,u,m,10,10,5,0.5
u-u_10_10_0.5_1_,10,10,26,0.004158973693847656,4,0.4,u,u,10,10,1,0.5
u-u_10_10_0.5_2_,10,10,14,0.0017130374908447266,0,0.0,u,u,10,10,2,0.5
u-u_10_10_0.5_3_,10,10,11,0.002315998077392578,0,0.0,u,u,10,10,3,0.5
u-u_10_10_0.5_4_,10,10,6,0.0006120204925537109,0,0.0,u,u,10,10,4,0.5
u-u_10_10_0.5_5_,10,10,12,0.0017578601837158203,0,0.0,u,u,10,10,5,0.5
l-l_10_10_0.75_1_,10,10,18,0.003483295440673828,0,0.0,l,l,10,10,1,0.75
l-l_10_10_0.75_2_,10,10,14,0.0028259754180908203,0,0.0,l,l,10,10,2,0.75
l-l_10_10_0.75_3_,10,10,11,0.0017499923706054688,0,0.0,l,l,10,10,3,0.75
l-l_10_10_0.75_4_,10,10,19,0.003445148468017578,0,0.0,l,l,10,10,4,0.75
l-l_10_10_0.75_5_,10,10,12,0.002580881118774414,0,0.0,l,l,10,10,5,0.75
l-m_10_10_0.75_1_,10,10,21,0.004584789276123047,0,0.0,l,m,10,10,1,0.75
l-m_10_10_0.75_2_,10,10,18,0.0029997825622558594,0,0.0,l,m,10,10,2,0.75
l-m_10_10_0.75_3_,10,10,21,0.0036928653717041016,0,0.0,l,m,10,10,3,0.75
l-m_10_10_0.75_4_,10,10,29,0.004674196243286133,0,0.0,l,m,10,10,4,0.75
l-m_10_10_0.75_5_,10,10,14,0.002110004425048828,0,0.0,l,m,10,10,5,0.75
l-u_10_10_0.75_1_,10,10,36,0.0062520503997802734,2,0.2,l,u,10,10,1,0.75
l-u_10_10_0.75_2_,10,10,18,0.002122163772583008,2,0.2,l,u,10,10,2,0.75
l-u_10_10_0.75_3_,10,10,21,0.0038230419158935547,1,0.1,l,u,10,10,3,0.75
l-u_10_10_0.75_4_,10,10,23,0.0026891231536865234,6,0.6,l,u,10,10,4,0.75
l-u_10_10_0.75_5_,10,10,14,0.0019049644470214844,0,0.0,l,u,10,10,5,0.75
m-l_10_10_0.75_1_,10,10,22,0.0034699440002441406,0,0.0,m,l,10,10,1,0.75
m-l_10_10_0.75_2_,10,10,17,0.003076791763305664,0,0.0,m,l,10,10,2,0.75
m-l_10_10_0.75_3_,10,10,16,0.002750396728515625,0,0.0,m,l,10,10,3,0.75
m-l_10_10_0.75_4_,10,10,26,0.004517078399658203,0,0.0,m,l,10,10,4,0.75
m-l_10_10_0.75_5_,10,10,21,0.004623889923095703,0,0.0,m,l,10,10,5,0.75
m-m_10_10_0.75_1_,10,10,22,0.003270864486694336,0,0.0,m,m,10,10,1,0.75
m-m_10_10_0.75_2_,10,10,20,0.003242969512939453,0,0.0,m,m,10,10,2,0.75
m-m_10_10_0.75_3_,10,10,17,0.0026030540466308594,1,0.1,m,m,10,10,3,0.75
m-m_10_10_0.75_4_,10,10,13,0.001958131790161133,0,0.0,m,m,10,10,4,0.75
m-m_10_10_0.75_5_,10,10,11,0.0017437934875488281,1,0.1,m,m,10,10,5,0.75
m-u_10_10_0.75_1_,10,10,23,0.0031800270080566406,4,0.4,m,u,10,10,1,0.75
m-u_10_10_0.75_2_,10,10,27,0.0031251907348632812,3,0.3,m,u,10,10,2,0.75
m-u_10_10_0.75_3_,10,10,22,0.004458904266357422,1,0.1,m,u,10,10,3,0.75
m-u_10_10_0.75_4_,10,10,21,0.0029811859130859375,1,0.1,m,u,10,10,4,0.75
m-u_10_10_0.75_5_,10,10,24,0.002560138702392578,5,0.5,m,u,10,10,5,0.75
u-l_10_10_0.75_1_,10,10,15,0.0023169517517089844,0,0.0,u,l,10,10,1,0.75
u-l_10_10_0.75_2_,10,10,10,0.00127410888671875,0,0.0,u,l,10,10,2,0.75
u-l_10_10_0.75_3_,10,10,16,0.0027971267700195312,0,0.0,u,l,10,10,3,0.75
u-l_10_10_0.75_4_,10,10,11,0.001516103744506836,0,0.0,u,l,10,10,4,0.75
u-l_10_10_0.75_5_,10,10,13,0.0028159618377685547,0,0.0,u,l,10,10,5,0.75
u-m_10_10_0.75_1_,10,10,10,0.0013339519500732422,0,0.0,u,m,10,10,1,0.75
u-m_10_10_0.75_2_,10,10,14,0.0027620792388916016,0,0.0,u,m,10,10,2,0.75
u-m_10_10_0.75_3_,10,10,19,0.00362396240234375,0,0.0,u,m,10,10,3,0.75
u-m_10_10_0.75_4_,10,10,10,0.0013697147369384766,0,0.0,u,m,10,10,4,0.75
u-m_10_10_0.75_5_,10,10,12,0.001725912094116211,0,0.0,u,m,10,10,5,0.75
u-u_10_10_0.75_1_,10,10,26,0.0041043758392333984,4,0.4,u,u,10,10,1,0.75
u-u_10_10_0.75_2_,10,10,16,0.002044200897216797,0,0.0,u,u,10,10,2,0.75
u-u_10_10_0.75_3_,10,10,14,0.0030379295349121094,0,0.0,u,u,10,10,3,0.75
u-u_10_10_0.75_4_,10,10,8,0.0009737014770507812,0,0.0,u,u,10,10,4,0.75
u-u_10_10_0.75_5_,10,10,13,0.00226593017578125,0,0.0,u,u,10,10,5,0.75
l-l_10_10_all_1_,10,10,19,0.003942251205444336,0,0.0,l,l,10,10,1,all
l-l_10_10_all_2_,10,10,14,0.0028290748596191406,0,0.0,l,l,10,10,2,all
l-l_10_10_all_3_,10,10,11,0.0017120838165283203,0,0.0,l,l,10,10,3,all
l-l_10_10_all_4_,10,10,19,0.0034470558166503906,0,0.0,l,l,10,10,4,all
l-l_10_10_all_5_,10,10,12,0.0025010108947753906,0,0.0,l,l,10,10,5,all
l-m_10_10_all_1_,10,10,29,0.00738525390625,0,0.0,l,m,10,10,1,all
l-m_10_10_all_2_,10,10,23,0.003996849060058594,0,0.0,l,m,10,10,2,all
l-m_10_10_all_3_,10,10,24,0.004485130310058594,0,0.0,l,m,10,10,3,all
l-m_10_10_all_4_,10,10,29,0.004867076873779297,1,0.1,l,m,10,10,4,all
l-m_10_10_all_5_,10,10,18,0.0029821395874023438,0,0.0,l,m,10,10,5,all
l-u_10_10_all_1_,10,10,42,0.00851893424987793,2,0.2,l,u,10,10,1,all
l-u_10_10_all_2_,10,10,21,0.002621173858642578,2,0.2,l,u,10,10,2,all
l-u_10_10_all_3_,10,10,24,0.004610776901245117,1,0.1,l,u,10,10,3,all
l-u_10_10_all_4_,10,10,23,0.0027310848236083984,6,0.6,l,u,10,10,4,all
l-u_10_10_all_5_,10,10,16,0.002397775650024414,0,0.0,l,u,10,10,5,all
m-l_10_10_all_1_,10,10,23,0.00391697883605957,0,0.0,m,l,10,10,1,all
m-l_10_10_all_2_,10,10,17,0.0030760765075683594,0,0.0,m,l,10,10,2,all
m-l_10_10_all_3_,10,10,16,0.0027670860290527344,0,0.0,m,l,10,10,3,all
m-l_10_10_all_4_,10,10,26,0.006730079650878906,0,0.0,m,l,10,10,4,all
m-l_10_10_all_5_,10,10,21,0.0076749324798583984,0,0.0,m,l,10,10,5,all
m-m_10_10_all_1_,10,10,28,0.007272958755493164,0,0.0,m,m,10,10,1,all
m-m_10_10_all_2_,10,10,18,0.004513978958129883,0,0.0,m,m,10,10,2,all
m-m_10_10_all_3_,10,10,17,0.004068136215209961,1,0.1,m,m,10,10,3,all
m-m_10_10_all_4_,10,10,16,0.00403594970703125,0,0.0,m,m,10,10,4,all
m-m_10_10_all_5_,10,10,14,0.0035550594329833984,1,0.1,m,m,10,10,5,all
m-u_10_10_all_1_,10,10,31,0.007651090621948242,4,0.4,m,u,10,10,1,all
m-u_10_10_all_2_,10,10,36,0.006783008575439453,3,0.3,m,u,10,10,2,all
m-u_10_10_all_3_,10,10,22,0.006544828414916992,3,0.3,m,u,10,10,3,all
m-u_10_10_all_4_,10,10,25,0.0054819583892822266,1,0.1,m,u,10,10,4,all
m-u_10_10_all_5_,10,10,30,0.005065202713012695,5,0.5,m,u,10,10,5,all
u-l_10_10_all_1_,10,10,16,0.003506898880004883,0,0.0,u,l,10,10,1,all
u-l_10_10_all_2_,10,10,10,0.0017549991607666016,0,0.0,u,l,10,10,2,all
u-l_10_10_all_3_,10,10,16,0.003901958465576172,0,0.0,u,l,10,10,3,all
u-l_10_10_all_4_,10,10,11,0.002074003219604492,0,0.0,u,l,10,10,4,all
u-l_10_10_all_5_,10,10,13,0.003946065902709961,0,0.0,u,l,10,10,5,all
u-m_10_10_all_1_,10,10,10,0.0019240379333496094,0,0.0,u,m,10,10,1,all
u-m_10_10_all_2_,10,10,10,0.002451181411743164,0,0.0,u,m,10,10,2,all
u-m_10_10_all_3_,10,10,19,0.005481243133544922,0,0.0,u,m,10,10,3,all
u-m_10_10_all_4_,10,10,10,0.0020940303802490234,0,0.0,u,m,10,10,4,all
u-m_10_10_all_5_,10,10,15,0.003823995590209961,0,0.0,u,m,10,10,5,all
u-u_10_10_all_1_,10,10,27,0.006759166717529297,4,0.4,u,u,10,10,1,all
u-u_10_10_all_2_,10,10,21,0.003916025161743164,0,0.0,u,u,10,10,2,all
u-u_10_10_all_3_,10,10,14,0.004318952560424805,0,0.0,u,u,10,10,3,all
u-u_10_10_all_4_,10,10,10,0.0018880367279052734,0,0.0,u,u,10,10,4,all
u-u_10_10_all_5_,10,10,15,0.0038912296295166016,0,0.0,u,u,10,10,5,all
l-l_50_50_lexmin_1_,50,50,81,0.1505138874053955,0,0.0,l,l,50,50,1,lexmin
l-l_50_50_lexmin_2_,50,50,126,0.2129809856414795,0,0.0,l,l,50,50,2,lexmin
l-l_50_50_lexmin_3_,50,50,77,0.14420795440673828,0,0.0,l,l,50,50,3,lexmin
l-l_50_50_lexmin_4_,50,50,135,0.24246501922607422,0,0.0,l,l,50,50,4,lexmin
l-l_50_50_lexmin_5_,50,50,72,0.12805771827697754,0,0.0,l,l,50,50,5,lexmin
l-m_50_50_lexmin_1_,50,50,67,0.1168661117553711,0,0.0,l,m,50,50,1,lexmin
l-m_50_50_lexmin_2_,50,50,70,0.11259078979492188,0,0.0,l,m,50,50,2,lexmin
l-m_50_50_lexmin_3_,50,50,99,0.18112730979919434,0,0.0,l,m,50,50,3,lexmin
l-m_50_50_lexmin_4_,50,50,81,0.13648509979248047,0,0.0,l,m,50,50,4,lexmin
l-m_50_50_lexmin_5_,50,50,143,0.25162386894226074,0,0.0,l,m,50,50,5,lexmin
l-u_50_50_lexmin_1_,50,50,105,0.18227195739746094,16,0.32,l,u,50,50,1,lexmin
l-u_50_50_lexmin_2_,50,50,126,0.2307271957397461,31,0.62,l,u,50,50,2,lexmin
l-u_50_50_lexmin_3_,50,50,83,0.15267300605773926,21,0.42,l,u,50,50,3,lexmin
l-u_50_50_lexmin_4_,50,50,77,0.1314229965209961,28,0.56,l,u,50,50,4,lexmin
l-u_50_50_lexmin_5_,50,50,93,0.16717529296875,18,0.36,l,u,50,50,5,lexmin
m-l_50_50_lexmin_1_,50,50,58,0.09612512588500977,0,0.0,m,l,50,50,1,lexmin
m-l_50_50_lexmin_2_,50,50,50,0.08319783210754395,0,0.0,m,l,50,50,2,lexmin
m-l_50_50_lexmin_3_,50,50,68,0.10990118980407715,0,0.0,m,l,50,50,3,lexmin
m-l_50_50_lexmin_4_,50,50,51,0.09150981903076172,0,0.0,m,l,50,50,4,lexmin
m-l_50_50_lexmin_5_,50,50,58,0.09855794906616211,0,0.0,m,l,50,50,5,lexmin
m-m_50_50_lexmin_1_,50,50,68,0.10931801795959473,0,0.0,m,m,50,50,1,lexmin
m-m_50_50_lexmin_2_,50,50,90,0.14620494842529297,0,0.0,m,m,50,50,2,lexmin
m-m_50_50_lexmin_3_,50,50,81,0.13212013244628906,0,0.0,m,m,50,50,3,lexmin
m-m_50_50_lexmin_4_,50,50,82,0.1329488754272461,0,0.0,m,m,50,50,4,lexmin
m-m_50_50_lexmin_5_,50,50,93,0.15154790878295898,0,0.0,m,m,50,50,5,lexmin
m-u_50_50_lexmin_1_,50,50,52,0.08545994758605957,35,0.7,m,u,50,50,1,lexmin
m-u_50_50_lexmin_2_,50,50,79,0.13290786743164062,37,0.74,m,u,50,50,2,lexmin
m-u_50_50_lexmin_3_,50,50,53,0.08493208885192871,37,0.74,m,u,50,50,3,lexmin
m-u_50_50_lexmin_4_,50,50,51,0.08657097816467285,37,0.74,m,u,50,50,4,lexmin
m-u_50_50_lexmin_5_,50,50,85,0.13856196403503418,39,0.78,m,u,50,50,5,lexmin
u-l_50_50_lexmin_1_,50,50,96,0.18117618560791016,0,0.0,u,l,50,50,1,lexmin
u-l_50_50_lexmin_2_,50,50,87,0.14900708198547363,0,0.0,u,l,50,50,2,lexmin
u-l_50_50_lexmin_3_,50,50,92,0.17694783210754395,0,0.0,u,l,50,50,3,lexmin
u-l_50_50_lexmin_4_,50,50,68,0.12303304672241211,0,0.0,u,l,50,50,4,lexmin
u-l_50_50_lexmin_5_,50,50,97,0.17046785354614258,0,0.0,u,l,50,50,5,lexmin
u-m_50_50_lexmin_1_,50,50,83,0.15052175521850586,0,0.0,u,m,50,50,1,lexmin
u-m_50_50_lexmin_2_,50,50,35,0.05059409141540527,0,0.0,u,m,50,50,2,lexmin
u-m_50_50_lexmin_3_,50,50,81,0.1450040340423584,0,0.0,u,m,50,50,3,lexmin
u-m_50_50_lexmin_4_,50,50,84,0.13518214225769043,0,0.0,u,m,50,50,4,lexmin
u-m_50_50_lexmin_5_,50,50,39,0.059619903564453125,0,0.0,u,m,50,50,5,lexmin
u-u_50_50_lexmin_1_,50,50,89,0.17153310775756836,0,0.0,u,u,50,50,1,lexmin
u-u_50_50_lexmin_2_,50,50,87,0.1485750675201416,0,0.0,u,u,50,50,2,lexmin
u-u_50_50_lexmin_3_,50,50,95,0.1814429759979248,0,0.0,u,u,50,50,3,lexmin
u-u_50_50_lexmin_4_,50,50,113,0.20716381072998047,6,0.12,u,u,50,50,4,lexmin
u-u_50_50_lexmin_5_,50,50,58,0.07861018180847168,0,0.0,u,u,50,50,5,lexmin
l-l_50_50_extreme_1_,50,50,196,1.333421230316162,0,0.0,l,l,50,50,1,extreme
l-l_50_50_extreme_2_,50,50,172,1.049278974533081,0,0.0,l,l,50,50,2,extreme
l-l_50_50_extreme_3_,50,50,125,0.6178767681121826,0,0.0,l,l,50,50,3,extreme
l-l_50_50_extreme_4_,50,50,187,0.9280068874359131,0,0.0,l,l,50,50,4,extreme
l-l_50_50_extreme_5_,50,50,190,1.2628099918365479,0,0.0,l,l,50,50,5,extreme
l-m_50_50_extreme_1_,50,50,134,0.41651296615600586,3,0.06,l,m,50,50,1,extreme
l-m_50_50_extreme_2_,50,50,82,0.21241188049316406,0,0.0,l,m,50,50,2,extreme
l-m_50_50_extreme_3_,50,50,73,0.17227697372436523,2,0.04,l,m,50,50,3,extreme
l-m_50_50_extreme_4_,50,50,82,0.24645781517028809,0,0.0,l,m,50,50,4,extreme
l-m_50_50_extreme_5_,50,50,105,0.2462151050567627,1,0.02,l,m,50,50,5,extreme
l-u_50_50_extreme_1_,50,50,105,0.18238615989685059,16,0.32,l,u,50,50,1,extreme
l-u_50_50_extreme_2_,50,50,126,0.2321310043334961,31,0.62,l,u,50,50,2,extreme
l-u_50_50_extreme_3_,50,50,83,0.15299320220947266,21,0.42,l,u,50,50,3,extreme
l-u_50_50_extreme_4_,50,50,77,0.13179612159729004,28,0.56,l,u,50,50,4,extreme
l-u_50_50_extreme_5_,50,50,93,0.16083598136901855,18,0.36,l,u,50,50,5,extreme
m-l_50_50_extreme_1_,50,50,98,0.3358771800994873,0,0.0,m,l,50,50,1,extreme
m-l_50_50_extreme_2_,50,50,110,0.41780996322631836,0,0.0,m,l,50,50,2,extreme
m-l_50_50_extreme_3_,50,50,108,0.4247128963470459,0,0.0,m,l,50,50,3,extreme
m-l_50_50_extreme_4_,50,50,95,0.2758049964904785,0,0.0,m,l,50,50,4,extreme
m-l_50_50_extreme_5_,50,50,130,0.6173601150512695,0,0.0,m,l,50,50,5,extreme
m-m_50_50_extreme_1_,50,50,154,0.43387484550476074,7,0.14,m,m,50,50,1,extreme
m-m_50_50_extreme_2_,50,50,125,0.3025789260864258,4,0.08,m,m,50,50,2,extreme
m-m_50_50_extreme_3_,50,50,141,0.4022409915924072,2,0.04,m,m,50,50,3,extreme
m-m_50_50_extreme_4_,50,50,134,0.32533717155456543,2,0.04,m,m,50,50,4,extreme
m-m_50_50_extreme_5_,50,50,165,0.46546101570129395,6,0.12,m,m,50,50,5,extreme
m-u_50_50_extreme_1_,50,50,52,0.0859382152557373,35,0.7,m,u,50,50,1,extreme
m-u_50_50_extreme_2_,50,50,79,0.1329631805419922,37,0.74,m,u,50,50,2,extreme
m-u_50_50_extreme_3_,50,50,53,0.08427095413208008,37,0.74,m,u,50,50,3,extreme
m-u_50_50_extreme_4_,50,50,51,0.08650803565979004,37,0.74,m,u,50,50,4,extreme
m-u_50_50_extreme_5_,50,50,85,0.13866615295410156,39,0.78,m,u,50,50,5,extreme
u-l_50_50_extreme_1_,50,50,78,0.359220027923584,0,0.0,u,l,50,50,1,extreme
u-l_50_50_extreme_2_,50,50,55,0.15329980850219727,0,0.0,u,l,50,50,2,extreme
u-l_50_50_extreme_3_,50,50,53,0.1663970947265625,0,0.0,u,l,50,50,3,extreme
u-l_50_50_extreme_4_,50,50,57,0.17971038818359375,0,0.0,u,l,50,50,4,extreme
u-l_50_50_extreme_5_,50,50,54,0.1627039909362793,0,0.0,u,l,50,50,5,extreme
u-m_50_50_extreme_1_,50,50,46,0.09366297721862793,0,0.0,u,m,50,50,1,extreme
u-m_50_50_extreme_2_,50,50,23,0.035726070404052734,0,0.0,u,m,50,50,2,extreme
u-m_50_50_extreme_3_,50,50,23,0.032217979431152344,0,0.0,u,m,50,50,3,extreme
u-m_50_50_extreme_4_,50,50,33,0.06140875816345215,0,0.0,u,m,50,50,4,extreme
u-m_50_50_extreme_5_,50,50,18,0.026005983352661133,0,0.0,u,m,50,50,5,extreme
u-u_50_50_extreme_1_,50,50,89,0.16300392150878906,0,0.0,u,u,50,50,1,extreme
u-u_50_50_extreme_2_,50,50,87,0.14187908172607422,0,0.0,u,u,50,50,2,extreme
u-u_50_50_extreme_3_,50,50,95,0.1739041805267334,0,0.0,u,u,50,50,3,extreme
u-u_50_50_extreme_4_,50,50,113,0.19650506973266602,6,0.12,u,u,50,50,4,extreme
u-u_50_50_extreme_5_,50,50,58,0.07484006881713867,0,0.0,u,u,50,50,5,extreme
l-l_50_50_0.25_1_,50,50,197,1.3429157733917236,0,0.0,l,l,50,50,1,0.25
l-l_50_50_0.25_2_,50,50,172,1.1567468643188477,0,0.0,l,l,50,50,2,0.25
l-l_50_50_0.25_3_,50,50,125,0.6352338790893555,0,0.0,l,l,50,50,3,0.25
l-l_50_50_0.25_4_,50,50,188,0.9838871955871582,0,0.0,l,l,50,50,4,0.25
l-l_50_50_0.25_5_,50,50,190,1.2706542015075684,0,0.0,l,l,50,50,5,0.25
l-m_50_50_0.25_1_,50,50,143,0.5405049324035645,3,0.06,l,m,50,50,1,0.25
l-m_50_50_0.25_2_,50,50,122,0.4568607807159424,1,0.02,l,m,50,50,2,0.25
l-m_50_50_0.25_3_,50,50,149,0.43836379051208496,6,0.12,l,m,50,50,3,0.25
l-m_50_50_0.25_4_,50,50,118,0.4531722068786621,1,0.02,l,m,50,50,4,0.25
l-m_50_50_0.25_5_,50,50,131,0.3802988529205322,3,0.06,l,m,50,50,5,0.25
l-u_50_50_0.25_1_,50,50,203,0.5365288257598877,25,0.5,l,u,50,50,1,0.25
l-u_50_50_0.25_2_,50,50,169,0.5407979488372803,37,0.74,l,u,50,50,2,0.25
l-u_50_50_0.25_3_,50,50,162,0.38718414306640625,37,0.74,l,u,50,50,3,0.25
l-u_50_50_0.25_4_,50,50,191,0.35938000679016113,30,0.6,l,u,50,50,4,0.25
l-u_50_50_0.25_5_,50,50,162,0.6277036666870117,26,0.52,l,u,50,50,5,0.25
m-l_50_50_0.25_1_,50,50,99,0.33426928520202637,0,0.0,m,l,50,50,1,0.25
m-l_50_50_0.25_2_,50,50,110,0.4369351863861084,0,0.0,m,l,50,50,2,0.25
m-l_50_50_0.25_3_,50,50,111,0.4281001091003418,0,0.0,m,l,50,50,3,0.25
m-l_50_50_0.25_4_,50,50,97,0.2996859550476074,0,0.0,m,l,50,50,4,0.25
m-l_50_50_0.25_5_,50,50,130,0.63702392578125,0,0.0,m,l,50,50,5,0.25
m-m_50_50_0.25_1_,50,50,163,0.6248540878295898,7,0.14,m,m,50,50,1,0.25
m-m_50_50_0.25_2_,50,50,134,0.40799808502197266,8,0.16,m,m,50,50,2,0.25
m-m_50_50_0.25_3_,50,50,159,0.6829919815063477,5,0.1,m,m,50,50,3,0.25
m-m_50_50_0.25_4_,50,50,133,0.43326830863952637,5,0.1,m,m,50,50,4,0.25
m-m_50_50_0.25_5_,50,50,178,0.7105021476745605,7,0.14,m,m,50,50,5,0.25
m-u_50_50_0.25_1_,50,50,102,0.26107215881347656,35,0.7,m,u,50,50,1,0.25
m-u_50_50_0.25_2_,50,50,161,0.5322458744049072,37,0.74,m,u,50,50,2,0.25
m-u_50_50_0.25_3_,50,50,108,0.22777485847473145,37,0.74,m,u,50,50,3,0.25
m-u_50_50_0.25_4_,50,50,70,0.1253676414489746,37,0.74,m,u,50,50,4,0.25
m-u_50_50_0.25_5_,50,50,122,0.47219419479370117,39,0.78,m,u,50,50,5,0.25
u-l_50_50_0.25_1_,50,50,79,0.36127781867980957,0,0.0,u,l,50,50,1,0.25
u-l_50_50_0.25_2_,50,50,55,0.1532459259033203,0,0.0,u,l,50,50,2,0.25
u-l_50_50_0.25_3_,50,50,55,0.18510675430297852,0,0.0,u,l,50,50,3,0.25
u-l_50_50_0.25_4_,50,50,58,0.18544507026672363,0,0.0,u,l,50,50,4,0.25
u-l_50_50_0.25_5_,50,50,54,0.1621549129486084,0,0.0,u,l,50,50,5,0.25
u-m_50_50_0.25_1_,50,50,55,0.14964795112609863,0,0.0,u,m,50,50,1,0.25
u-m_50_50_0.25_2_,50,50,51,0.16190505027770996,0,0.0,u,m,50,50,2,0.25
u-m_50_50_0.25_3_,50,50,33,0.05897188186645508,0,0.0,u,m,50,50,3,0.25
u-m_50_50_0.25_4_,50,50,42,0.09460997581481934,0,0.0,u,m,50,50,4,0.25
u-m_50_50_0.25_5_,50,50,26,0.047678232192993164,0,0.0,u,m,50,50,5,0.25
u-u_50_50_0.25_1_,50,50,95,0.31349921226501465,0,0.0,u,u,50,50,1,0.25
u-u_50_50_0.25_2_,50,50,91,0.3153810501098633,0,0.0,u,u,50,50,2,0.25
u-u_50_50_0.25_3_,50,50,85,0.2580239772796631,0,0.0,u,u,50,50,3,0.25
u-u_50_50_0.25_4_,50,50,129,0.28880882263183594,6,0.12,u,u,50,50,4,0.25
u-u_50_50_0.25_5_,50,50,94,0.31003379821777344,0,0.0,u,u,50,50,5,0.25
l-l_50_50_0.5_1_,50,50,203,1.3813703060150146,0,0.0,l,l,50,50,1,0.5
l-l_50_50_0.5_2_,50,50,171,1.1108920574188232,0,0.0,l,l,50,50,2,0.5
l-l_50_50_0.5_3_,50,50,125,0.6367790699005127,0,0.0,l,l,50,50,3,0.5
l-l_50_50_0.5_4_,50,50,194,1.1286227703094482,0,0.0,l,l,50,50,4,0.5
l-l_50_50_0.5_5_,50,50,191,1.2516050338745117,0,0.0,l,l,50,50,5,0.5
l-m_50_50_0.5_1_,50,50,182,0.7694451808929443,5,0.1,l,m,50,50,1,0.5
l-m_50_50_0.5_2_,50,50,116,0.3782179355621338,8,0.16,l,m,50,50,2,0.5
l-m_50_50_0.5_3_,50,50,151,0.47528600692749023,9,0.18,l,m,50,50,3,0.5
l-m_50_50_0.5_4_,50,50,111,0.3981480598449707,5,0.1,l,m,50,50,4,0.5
l-m_50_50_0.5_5_,50,50,149,0.4950249195098877,7,0.14,l,m,50,50,5,0.5
l-u_50_50_0.5_1_,50,50,239,0.6134819984436035,26,0.52,l,u,50,50,1,0.5
l-u_50_50_0.5_2_,50,50,241,0.81734299659729,37,0.74,l,u,50,50,2,0.5
l-u_50_50_0.5_3_,50,50,162,0.3729972839355469,37,0.74,l,u,50,50,3,0.5
l-u_50_50_0.5_4_,50,50,191,0.4196343421936035,30,0.6,l,u,50,50,4,0.5
l-u_50_50_0.5_5_,50,50,162,0.6506466865539551,26,0.52,l,u,50,50,5,0.5
m-l_50_50_0.5_1_,50,50,100,0.391538143157959,0,0.0,m,l,50,50,1,0.5
m-l_50_50_0.5_2_,50,50,112,0.43515706062316895,0,0.0,m,l,50,50,2,0.5
m-l_50_50_0.5_3_,50,50,114,0.4652400016784668,0,0.0,m,l,50,50,3,0.5
m-l_50_50_0.5_4_,50,50,99,0.30411410331726074,0,0.0,m,l,50,50,4,0.5
m-l_50_50_0.5_5_,50,50,132,0.6280550956726074,0,0.0,m,l,50,50,5,0.5
m-m_50_50_0.5_1_,50,50,198,0.8299331665039062,7,0.14,m,m,50,50,1,0.5
m-m_50_50_0.5_2_,50,50,143,0.544335126876831,10,0.2,m,m,50,50,2,0.5
m-m_50_50_0.5_3_,50,50,176,0.7589068412780762,6,0.12,m,m,50,50,3,0.5
m-m_50_50_0.5_4_,50,50,152,0.5358781814575195,10,0.2,m,m,50,50,4,0.5
m-m_50_50_0.5_5_,50,50,210,0.9049270153045654,10,0.2,m,m,50,50,5,0.5
m-u_50_50_0.5_1_,50,50,102,0.2870779037475586,35,0.7,m,u,50,50,1,0.5
m-u_50_50_0.5_2_,50,50,161,0.5378470420837402,37,0.74,m,u,50,50,2,0.5
m-u_50_50_0.5_3_,50,50,108,0.24832582473754883,37,0.74,m,u,50,50,3,0.5
m-u_50_50_0.5_4_,50,50,70,0.12448811531066895,37,0.74,m,u,50,50,4,0.5
m-u_50_50_0.5_5_,50,50,122,0.4960520267486572,39,0.78,m,u,50,50,5,0.5
u-l_50_50_0.5_1_,50,50,80,0.36335301399230957,0,0.0,u,l,50,50,1,0.5
u-l_50_50_0.5_2_,50,50,56,0.16370630264282227,0,0.0,u,l,50,50,2,0.5
u-l_50_50_0.5_3_,50,50,57,0.1787881851196289,0,0.0,u,l,50,50,3,0.5
u-l_50_50_0.5_4_,50,50,60,0.20374107360839844,0,0.0,u,l,50,50,4,0.5
u-l_50_50_0.5_5_,50,50,55,0.16262006759643555,0,0.0,u,l,50,50,5,0.5
u-m_50_50_0.5_1_,50,50,64,0.22300124168395996,0,0.0,u,m,50,50,1,0.5
u-m_50_50_0.5_2_,50,50,39,0.0822288990020752,0,0.0,u,m,50,50,2,0.5
u-m_50_50_0.5_3_,50,50,44,0.10591006278991699,0,0.0,u,m,50,50,3,0.5
u-m_50_50_0.5_4_,50,50,45,0.11252307891845703,0,0.0,u,m,50,50,4,0.5
u-m_50_50_0.5_5_,50,50,34,0.07585811614990234,0,0.0,u,m,50,50,5,0.5
u-u_50_50_0.5_1_,50,50,103,0.35231804847717285,0,0.0,u,u,50,50,1,0.5
u-u_50_50_0.5_2_,50,50,92,0.3456120491027832,0,0.0,u,u,50,50,2,0.5
u-u_50_50_0.5_3_,50,50,80,0.23726391792297363,0,0.0,u,u,50,50,3,0.5
u-u_50_50_0.5_4_,50,50,143,0.41325807571411133,6,0.12,u,u,50,50,4,0.5
u-u_50_50_0.5_5_,50,50,61,0.1438899040222168,0,0.0,u,u,50,50,5,0.5
l-l_50_50_0.75_1_,50,50,212,1.5254461765289307,0,0.0,l,l,50,50,1,0.75
l-l_50_50_0.75_2_,50,50,171,1.1306970119476318,0,0.0,l,l,50,50,2,0.75
l-l_50_50_0.75_3_,50,50,123,0.6599631309509277,0,0.0,l,l,50,50,3,0.75
l-l_50_50_0.75_4_,50,50,198,1.2042820453643799,0,0.0,l,l,50,50,4,0.75
l-l_50_50_0.75_5_,50,50,188,1.2880289554595947,0,0.0,l,l,50,50,5,0.75
l-m_50_50_0.75_1_,50,50,183,0.7853600978851318,9,0.18,l,m,50,50,1,0.75
l-m_50_50_0.75_2_,50,50,147,0.5455977916717529,17,0.34,l,m,50,50,2,0.75
l-m_50_50_0.75_3_,50,50,181,0.6078920364379883,9,0.18,l,m,50,50,3,0.75
l-m_50_50_0.75_4_,50,50,117,0.4650540351867676,8,0.16,l,m,50,50,4,0.75
l-m_50_50_0.75_5_,50,50,184,0.6557841300964355,9,0.18,l,m,50,50,5,0.75
l-u_50_50_0.75_1_,50,50,290,0.8287980556488037,27,0.54,l,u,50,50,1,0.75
l-u_50_50_0.75_2_,50,50,241,0.8641777038574219,37,0.74,l,u,50,50,2,0.75
l-u_50_50_0.75_3_,50,50,162,0.3748650550842285,37,0.74,l,u,50,50,3,0.75
l-u_50_50_0.75_4_,50,50,259,0.5360939502716064,31,0.62,l,u,50,50,4,0.75
l-u_50_50_0.75_5_,50,50,322,1.3268349170684814,26,0.52,l,u,50,50,5,0.75
m-l_50_50_0.75_1_,50,50,102,0.40039896965026855,0,0.0,m,l,50,50,1,0.75
m-l_50_50_0.75_2_,50,50,112,0.43468713760375977,0,0.0,m,l,50,50,2,0.75
m-l_50_50_0.75_3_,50,50,116,0.4818389415740967,0,0.0,m,l,50,50,3,0.75
m-l_50_50_0.75_4_,50,50,102,0.34499526023864746,0,0.0,m,l,50,50,4,0.75
m-l_50_50_0.75_5_,50,50,134,0.638995885848999,0,0.0,m,l,50,50,5,0.75
m-m_50_50_0.75_1_,50,50,195,0.8850648403167725,7,0.14,m,m,50,50,1,0.75
m-m_50_50_0.75_2_,50,50,159,0.6155548095703125,25,0.5,m,m,50,50,2,0.75
m-m_50_50_0.75_3_,50,50,183,0.8092861175537109,7,0.14,m,m,50,50,3,0.75
m-m_50_50_0.75_4_,50,50,167,0.6455860137939453,13,0.26,m,m,50,50,4,0.75
m-m_50_50_0.75_5_,50,50,225,1.0223262310028076,12,0.24,m,m,50,50,5,0.75
m-u_50_50_0.75_1_,50,50,102,0.2770709991455078,35,0.7,m,u,50,50,1,0.75
m-u_50_50_0.75_2_,50,50,161,0.5226550102233887,37,0.74,m,u,50,50,2,0.75
m-u_50_50_0.75_3_,50,50,108,0.24087071418762207,37,0.74,m,u,50,50,3,0.75
m-u_50_50_0.75_4_,50,50,70,0.12385296821594238,37,0.74,m,u,50,50,4,0.75
m-u_50_50_0.75_5_,50,50,122,0.4943959712982178,39,0.78,m,u,50,50,5,0.75
u-l_50_50_0.75_1_,50,50,81,0.37248897552490234,0,0.0,u,l,50,50,1,0.75
u-l_50_50_0.75_2_,50,50,56,0.16407489776611328,0,0.0,u,l,50,50,2,0.75
u-l_50_50_0.75_3_,50,50,59,0.18921589851379395,0,0.0,u,l,50,50,3,0.75
u-l_50_50_0.75_4_,50,50,62,0.21491599082946777,0,0.0,u,l,50,50,4,0.75
u-l_50_50_0.75_5_,50,50,56,0.16766905784606934,0,0.0,u,l,50,50,5,0.75
u-m_50_50_0.75_1_,50,50,70,0.28926992416381836,0,0.0,u,m,50,50,1,0.75
u-m_50_50_0.75_2_,50,50,41,0.08946609497070312,0,0.0,u,m,50,50,2,0.75
u-m_50_50_0.75_3_,50,50,50,0.13685393333435059,0,0.0,u,m,50,50,3,0.75
u-m_50_50_0.75_4_,50,50,55,0.17159080505371094,0,0.0,u,m,50,50,4,0.75
u-m_50_50_0.75_5_,50,50,43,0.11436796188354492,0,0.0,u,m,50,50,5,0.75
u-u_50_50_0.75_1_,50,50,114,0.3970630168914795,0,0.0,u,u,50,50,1,0.75
u-u_50_50_0.75_2_,50,50,100,0.3872799873352051,0,0.0,u,u,50,50,2,0.75
u-u_50_50_0.75_3_,50,50,74,0.2240281105041504,0,0.0,u,u,50,50,3,0.75
u-u_50_50_0.75_4_,50,50,150,0.46817994117736816,6,0.12,u,u,50,50,4,0.75
u-u_50_50_0.75_5_,50,50,70,0.17859101295471191,0,0.0,u,u,50,50,5,0.75
l-l_50_50_all_1_,50,50,212,1.526106834411621,0,0.0,l,l,50,50,1,all
l-l_50_50_all_2_,50,50,174,1.1477570533752441,0,0.0,l,l,50,50,2,all
l-l_50_50_all_3_,50,50,123,0.6633379459381104,0,0.0,l,l,50,50,3,all
l-l_50_50_all_4_,50,50,204,1.2848010063171387,0,0.0,l,l,50,50,4,all
l-l_50_50_all_5_,50,50,189,1.2892558574676514,0,0.0,l,l,50,50,5,all
l-m_50_50_all_1_,50,50,210,0.9965667724609375,11,0.22,l,m,50,50,1,all
l-m_50_50_all_2_,50,50,156,0.6199429035186768,20,0.4,l,m,50,50,2,all
l-m_50_50_all_3_,50,50,195,0.7044270038604736,10,0.2,l,m,50,50,3,all
l-m_50_50_all_4_,50,50,139,0.5981168746948242,10,0.2,l,m,50,50,4,all
l-m_50_50_all_5_,50,50,204,0.7911891937255859,10,0.2,l,m,50,50,5,all
l-u_50_50_all_1_,50,50,312,1.0159199237823486,32,0.64,l,u,50,50,1,all
l-u_50_50_all_2_,50,50,268,1.0020239353179932,37,0.74,l,u,50,50,2,all
l-u_50_50_all_3_,50,50,259,0.8115098476409912,39,0.78,l,u,50,50,3,all
l-u_50_50_all_4_,50,50,287,0.7825679779052734,36,0.72,l,u,50,50,4,all
l-u_50_50_all_5_,50,50,386,1.897186040878296,34,0.68,l,u,50,50,5,all
m-l_50_50_all_1_,50,50,104,0.41373300552368164,0,0.0,m,l,50,50,1,all
m-l_50_50_all_2_,50,50,113,0.44303202629089355,0,0.0,m,l,50,50,2,all
m-l_50_50_all_3_,50,50,117,0.5336875915527344,0,0.0,m,l,50,50,3,all
m-l_50_50_all_4_,50,50,106,0.3839130401611328,0,0.0,m,l,50,50,4,all
m-l_50_50_all_5_,50,50,134,0.6399402618408203,0,0.0,m,l,50,50,5,all
m-m_50_50_all_1_,50,50,205,0.9908311367034912,8,0.16,m,m,50,50,1,all
m-m_50_50_all_2_,50,50,207,0.8669121265411377,28,0.56,m,m,50,50,2,all
m-m_50_50_all_3_,50,50,181,0.8031468391418457,7,0.14,m,m,50,50,3,all
m-m_50_50_all_4_,50,50,185,0.8018050193786621,15,0.3,m,m,50,50,4,all
m-m_50_50_all_5_,50,50,238,1.1206450462341309,12,0.24,m,m,50,50,5,all
m-u_50_50_all_1_,50,50,172,0.4911680221557617,36,0.72,m,u,50,50,1,all
m-u_50_50_all_2_,50,50,123,0.4062831401824951,37,0.74,m,u,50,50,2,all
m-u_50_50_all_3_,50,50,166,0.4575459957122803,37,0.74,m,u,50,50,3,all
m-u_50_50_all_4_,50,50,131,0.30597805976867676,38,0.76,m,u,50,50,4,all
m-u_50_50_all_5_,50,50,153,0.6904830932617188,39,0.78,m,u,50,50,5,all
u-l_50_50_all_1_,50,50,82,0.3802189826965332,0,0.0,u,l,50,50,1,all
u-l_50_50_all_2_,50,50,57,0.16886091232299805,0,0.0,u,l,50,50,2,all
u-l_50_50_all_3_,50,50,61,0.2028961181640625,0,0.0,u,l,50,50,3,all
u-l_50_50_all_4_,50,50,65,0.23140597343444824,0,0.0,u,l,50,50,4,all
u-l_50_50_all_5_,50,50,57,0.17446303367614746,0,0.0,u,l,50,50,5,all
u-m_50_50_all_1_,50,50,81,0.39120912551879883,0,0.0,u,m,50,50,1,all
u-m_50_50_all_2_,50,50,50,0.12595891952514648,0,0.0,u,m,50,50,2,all
u-m_50_50_all_3_,50,50,58,0.18190908432006836,0,0.0,u,m,50,50,3,all
u-m_50_50_all_4_,50,50,67,0.23400211334228516,0,0.0,u,m,50,50,4,all
u-m_50_50_all_5_,50,50,51,0.1614069938659668,0,0.0,u,m,50,50,5,all
u-u_50_50_all_1_,50,50,128,0.4562671184539795,0,0.0,u,u,50,50,1,all
u-u_50_50_all_2_,50,50,90,0.34554600715637207,0,0.0,u,u,50,50,2,all
u-u_50_50_all_3_,50,50,66,0.20149993896484375,0,0.0,u,u,50,50,3,all
u-u_50_50_all_4_,50,50,170,0.6335790157318115,7,0.14,u,u,50,50,4,all
u-u_50_50_all_5_,50,50,83,0.2909998893737793,0,0.0,u,u,50,50,5,all
l-l_100_100_lexmin_1_,100,100,152,1.1631340980529785,0,0.0,l,l,100,100,1,lexmin
l-l_100_100_lexmin_2_,100,100,169,1.1689820289611816,0,0.0,l,l,100,100,2,lexmin
l-l_100_100_lexmin_3_,100,100,297,2.418152093887329,0,0.0,l,l,100,100,3,lexmin
l-l_100_100_lexmin_4_,100,100,165,1.2322509288787842,0,0.0,l,l,100,100,4,lexmin
l-l_100_100_lexmin_5_,100,100,204,1.4868559837341309,0,0.0,l,l,100,100,5,lexmin
l-m_100_100_lexmin_1_,100,100,183,1.293053150177002,0,0.0,l,m,100,100,1,lexmin
l-m_100_100_lexmin_2_,100,100,133,0.9436628818511963,0,0.0,l,m,100,100,2,lexmin
l-m_100_100_lexmin_3_,100,100,142,0.9928498268127441,0,0.0,l,m,100,100,3,lexmin
l-m_100_100_lexmin_4_,100,100,179,1.1136350631713867,0,0.0,l,m,100,100,4,lexmin
l-m_100_100_lexmin_5_,100,100,180,1.288461685180664,0,0.0,l,m,100,100,5,lexmin
l-u_100_100_lexmin_1_,100,100,121,0.8972699642181396,66,0.66,l,u,100,100,1,lexmin
l-u_100_100_lexmin_2_,100,100,152,1.0628879070281982,78,0.78,l,u,100,100,2,lexmin
l-u_100_100_lexmin_3_,100,100,149,1.0972371101379395,68,0.68,l,u,100,100,3,lexmin
l-u_100_100_lexmin_4_,100,100,213,1.685157060623169,90,0.9,l,u,100,100,4,lexmin
l-u_100_100_lexmin_5_,100,100,238,1.8858587741851807,89,0.89,l,u,100,100,5,lexmin
m-l_100_100_lexmin_1_,100,100,103,0.736335039138794,0,0.0,m,l,100,100,1,lexmin
m-l_100_100_lexmin_2_,100,100,101,0.7661302089691162,0,0.0,m,l,100,100,2,lexmin
m-l_100_100_lexmin_3_,100,100,103,0.7278509140014648,0,0.0,m,l,100,100,3,lexmin
m-l_100_100_lexmin_4_,100,100,101,0.7484111785888672,0,0.0,m,l,100,100,4,lexmin
m-l_100_100_lexmin_5_,100,100,100,0.6884722709655762,0,0.0,m,l,100,100,5,lexmin
m-m_100_100_lexmin_1_,100,100,168,1.153437852859497,0,0.0,m,m,100,100,1,lexmin
m-m_100_100_lexmin_2_,100,100,215,1.4549999237060547,0,0.0,m,m,100,100,2,lexmin
m-m_100_100_lexmin_3_,100,100,231,1.442323923110962,0,0.0,m,m,100,100,3,lexmin
m-m_100_100_lexmin_4_,100,100,178,1.1715669631958008,0,0.0,m,m,100,100,4,lexmin
m-m_100_100_lexmin_5_,100,100,231,1.5444612503051758,0,0.0,m,m,100,100,5,lexmin
m-u_100_100_lexmin_1_,100,100,103,0.7268619537353516,76,0.76,m,u,100,100,1,lexmin
m-u_100_100_lexmin_2_,100,100,101,0.7066056728363037,80,0.8,m,u,100,100,2,lexmin
m-u_100_100_lexmin_3_,100,100,102,0.7808148860931396,78,0.78,m,u,100,100,3,lexmin
m-u_100_100_lexmin_4_,100,100,101,0.7086431980133057,81,0.81,m,u,100,100,4,lexmin
m-u_100_100_lexmin_5_,100,100,102,0.6766912937164307,74,0.74,m,u,100,100,5,lexmin
u-l_100_100_lexmin_1_,100,100,93,0.580474853515625,0,0.0,u,l,100,100,1,lexmin
u-l_100_100_lexmin_2_,100,100,173,1.2408409118652344,0,0.0,u,l,100,100,2,lexmin
u-l_100_100_lexmin_3_,100,100,124,0.8479619026184082,0,0.0,u,l,100,100,3,lexmin
u-l_100_100_lexmin_4_,100,100,166,1.2014977931976318,0,0.0,u,l,100,100,4,lexmin
u-l_100_100_lexmin_5_,100,100,115,0.7005891799926758,0,0.0,u,l,100,100,5,lexmin
u-m_100_100_lexmin_1_,100,100,69,0.442486047744751,0,0.0,u,m,100,100,1,lexmin
u-m_100_100_lexmin_2_,100,100,75,0.46202707290649414,0,0.0,u,m,100,100,2,lexmin
u-m_100_100_lexmin_3_,100,100,67,0.32358574867248535,0,0.0,u,m,100,100,3,lexmin
u-m_100_100_lexmin_4_,100,100,57,0.30820131301879883,0,0.0,u,m,100,100,4,lexmin
u-m_100_100_lexmin_5_,100,100,81,0.41671204566955566,0,0.0,u,m,100,100,5,lexmin
u-u_100_100_lexmin_1_,100,100,73,0.45770907402038574,0,0.0,u,u,100,100,1,lexmin
u-u_100_100_lexmin_2_,100,100,144,0.9918971061706543,0,0.0,u,u,100,100,2,lexmin
u-u_100_100_lexmin_3_,100,100,174,1.5119001865386963,0,0.0,u,u,100,100,3,lexmin
u-u_100_100_lexmin_4_,100,100,120,0.9360418319702148,0,0.0,u,u,100,100,4,lexmin
u-u_100_100_lexmin_5_,100,100,149,1.10746169090271,44,0.44,u,u,100,100,5,lexmin
l-l_100_100_extreme_1_,100,100,481,13.145923852920532,0,0.0,l,l,100,100,1,extreme
l-l_100_100_extreme_2_,100,100,448,11.086178064346313,0,0.0,l,l,100,100,2,extreme
l-l_100_100_extreme_3_,100,100,318,6.9330737590789795,0,0.0,l,l,100,100,3,extreme
l-l_100_100_extreme_4_,100,100,460,11.798674821853638,0,0.0,l,l,100,100,4,extreme
l-l_100_100_extreme_5_,100,100,448,12.56755781173706,0,0.0,l,l,100,100,5,extreme
l-m_100_100_extreme_1_,100,100,239,2.5823380947113037,3,0.03,l,m,100,100,1,extreme
l-m_100_100_extreme_2_,100,100,261,2.892882823944092,1,0.01,l,m,100,100,2,extreme
l-m_100_100_extreme_3_,100,100,201,1.383882999420166,2,0.02,l,m,100,100,3,extreme
l-m_100_100_extreme_4_,100,100,152,1.3605940341949463,1,0.01,l,m,100,100,4,extreme
l-m_100_100_extreme_5_,100,100,223,2.4323246479034424,4,0.04,l,m,100,100,5,extreme
l-u_100_100_extreme_1_,100,100,121,0.8724160194396973,66,0.66,l,u,100,100,1,extreme
l-u_100_100_extreme_2_,100,100,152,1.0150418281555176,78,0.78,l,u,100,100,2,extreme
l-u_100_100_extreme_3_,100,100,149,1.019679069519043,68,0.68,l,u,100,100,3,extreme
l-u_100_100_extreme_4_,100,100,213,1.5924739837646484,90,0.9,l,u,100,100,4,extreme
l-u_100_100_extreme_5_,100,100,238,1.7035160064697266,89,0.89,l,u,100,100,5,extreme
m-l_100_100_extreme_1_,100,100,232,4.018078088760376,0,0.0,m,l,100,100,1,extreme
m-l_100_100_extreme_2_,100,100,299,4.8559629917144775,0,0.0,m,l,100,100,2,extreme
m-l_100_100_extreme_3_,100,100,169,2.648503065109253,0,0.0,m,l,100,100,3,extreme
m-l_100_100_extreme_4_,100,100,237,4.341692924499512,0,0.0,m,l,100,100,4,extreme
m-l_100_100_extreme_5_,100,100,219,3.5654499530792236,0,0.0,m,l,100,100,5,extreme
m-m_100_100_extreme_1_,100,100,374,3.7976009845733643,23,0.23,m,m,100,100,1,extreme
m-m_100_100_extreme_2_,100,100,433,4.857315301895142,9,0.09,m,m,100,100,2,extreme
m-m_100_100_extreme_3_,100,100,373,3.574932098388672,7,0.07,m,m,100,100,3,extreme
m-m_100_100_extreme_4_,100,100,355,4.645772933959961,12,0.12,m,m,100,100,4,extreme
m-m_100_100_extreme_5_,100,100,291,3.1562659740448,11,0.11,m,m,100,100,5,extreme
m-u_100_100_extreme_1_,100,100,103,0.7193799018859863,76,0.76,m,u,100,100,1,extreme
m-u_100_100_extreme_2_,100,100,101,0.7110021114349365,80,0.8,m,u,100,100,2,extreme
m-u_100_100_extreme_3_,100,100,102,0.697188138961792,78,0.78,m,u,100,100,3,extreme
m-u_100_100_extreme_4_,100,100,101,0.6934406757354736,81,0.81,m,u,100,100,4,extreme
m-u_100_100_extreme_5_,100,100,102,0.6908979415893555,74,0.74,m,u,100,100,5,extreme
u-l_100_100_extreme_1_,100,100,84,0.7856049537658691,0,0.0,u,l,100,100,1,extreme
u-l_100_100_extreme_2_,100,100,86,0.779181957244873,0,0.0,u,l,100,100,2,extreme
u-l_100_100_extreme_3_,100,100,99,0.975006103515625,0,0.0,u,l,100,100,3,extreme
u-l_100_100_extreme_4_,100,100,85,0.6283800601959229,0,0.0,u,l,100,100,4,extreme
u-l_100_100_extreme_5_,100,100,107,1.0270206928253174,0,0.0,u,l,100,100,5,extreme
u-m_100_100_extreme_1_,100,100,39,0.2486579418182373,0,0.0,u,m,100,100,1,extreme
u-m_100_100_extreme_2_,100,100,34,0.14354300498962402,0,0.0,u,m,100,100,2,extreme
u-m_100_100_extreme_3_,100,100,27,0.12090611457824707,0,0.0,u,m,100,100,3,extreme
u-m_100_100_extreme_4_,100,100,17,0.066986083984375,0,0.0,u,m,100,100,4,extreme
u-m_100_100_extreme_5_,100,100,37,0.20664191246032715,0,0.0,u,m,100,100,5,extreme
u-u_100_100_extreme_1_,100,100,73,0.4588432312011719,0,0.0,u,u,100,100,1,extreme
u-u_100_100_extreme_2_,100,100,144,1.0,0,0.0,u,u,100,100,2,extreme
u-u_100_100_extreme_3_,100,100,174,1.288548231124878,0,0.0,u,u,100,100,3,extreme
u-u_100_100_extreme_4_,100,100,120,0.8726811408996582,0,0.0,u,u,100,100,4,extreme
u-u_100_100_extreme_5_,100,100,149,1.0563960075378418,44,0.44,u,u,100,100,5,extreme
l-l_100_100_0.25_1_,100,100,487,13.756590843200684,0,0.0,l,l,100,100,1,0.25
l-l_100_100_0.25_2_,100,100,455,11.544180870056152,0,0.0,l,l,100,100,2,0.25
l-l_100_100_0.25_3_,100,100,316,6.899713039398193,0,0.0,l,l,100,100,3,0.25
l-l_100_100_0.25_4_,100,100,471,12.368582010269165,0,0.0,l,l,100,100,4,0.25
l-l_100_100_0.25_5_,100,100,452,13.019459009170532,0,0.0,l,l,100,100,5,0.25
l-m_100_100_0.25_1_,100,100,347,4.915709018707275,9,0.09,l,m,100,100,1,0.25
l-m_100_100_0.25_2_,100,100,315,4.58877420425415,5,0.05,l,m,100,100,2,0.25
l-m_100_100_0.25_3_,100,100,250,2.8326447010040283,9,0.09,l,m,100,100,3,0.25
l-m_100_100_0.25_4_,100,100,149,1.9815731048583984,5,0.05,l,m,100,100,4,0.25
l-m_100_100_0.25_5_,100,100,307,4.215334892272949,8,0.08,l,m,100,100,5,0.25
l-u_100_100_0.25_1_,100,100,390,3.2787978649139404,76,0.76,l,u,100,100,1,0.25
l-u_100_100_0.25_2_,100,100,238,1.6617019176483154,78,0.78,l,u,100,100,2,0.25
l-u_100_100_0.25_3_,100,100,406,3.48717999458313,70,0.7,l,u,100,100,3,0.25
l-u_100_100_0.25_4_,100,100,365,3.567265033721924,92,0.92,l,u,100,100,4,0.25
l-u_100_100_0.25_5_,100,100,290,2.900142192840576,89,0.89,l,u,100,100,5,0.25
m-l_100_100_0.25_1_,100,100,236,4.013858079910278,0,0.0,m,l,100,100,1,0.25
m-l_100_100_0.25_2_,100,100,305,4.821385860443115,0,0.0,m,l,100,100,2,0.25
m-l_100_100_0.25_3_,100,100,172,2.5830678939819336,0,0.0,m,l,100,100,3,0.25
m-l_100_100_0.25_4_,100,100,243,4.375153064727783,0,0.0,m,l,100,100,4,0.25
m-l_100_100_0.25_5_,100,100,225,3.84372615814209,0,0.0,m,l,100,100,5,0.25
m-m_100_100_0.25_1_,100,100,384,7.164691925048828,32,0.32,m,m,100,100,1,0.25
m-m_100_100_0.25_2_,100,100,379,6.508755922317505,15,0.15,m,m,100,100,2,0.25
m-m_100_100_0.25_3_,100,100,419,6.097168922424316,16,0.16,m,m,100,100,3,0.25
m-m_100_100_0.25_4_,100,100,429,7.140484094619751,21,0.21,m,m,100,100,4,0.25
m-m_100_100_0.25_5_,100,100,371,5.637394189834595,19,0.19,m,m,100,100,5,0.25
m-u_100_100_0.25_1_,100,100,194,1.6294710636138916,80,0.8,m,u,100,100,1,0.25
m-u_100_100_0.25_2_,100,100,372,2.7808830738067627,80,0.8,m,u,100,100,2,0.25
m-u_100_100_0.25_3_,100,100,110,0.8487739562988281,79,0.79,m,u,100,100,3,0.25
m-u_100_100_0.25_4_,100,100,217,2.2313880920410156,83,0.83,m,u,100,100,4,0.25
m-u_100_100_0.25_5_,100,100,121,1.1480481624603271,74,0.74,m,u,100,100,5,0.25
u-l_100_100_0.25_1_,100,100,88,0.8321962356567383,0,0.0,u,l,100,100,1,0.25
u-l_100_100_0.25_2_,100,100,91,0.8413081169128418,0,0.0,u,l,100,100,2,0.25
u-l_100_100_0.25_3_,100,100,103,1.0388827323913574,0,0.0,u,l,100,100,3,0.25
u-l_100_100_0.25_4_,100,100,89,0.6772511005401611,0,0.0,u,l,100,100,4,0.25
u-l_100_100_0.25_5_,100,100,110,1.0753169059753418,0,0.0,u,l,100,100,5,0.25
u-m_100_100_0.25_1_,100,100,49,0.3928959369659424,0,0.0,u,m,100,100,1,0.25
u-m_100_100_0.25_2_,100,100,50,0.2972140312194824,0,0.0,u,m,100,100,2,0.25
u-m_100_100_0.25_3_,100,100,45,0.29219698905944824,0,0.0,u,m,100,100,3,0.25
u-m_100_100_0.25_4_,100,100,37,0.1607801914215088,0,0.0,u,m,100,100,4,0.25
u-m_100_100_0.25_5_,100,100,53,0.3410649299621582,0,0.0,u,m,100,100,5,0.25
u-u_100_100_0.25_1_,100,100,89,0.8183770179748535,0,0.0,u,u,100,100,1,0.25
u-u_100_100_0.25_2_,100,100,176,1.5906739234924316,0,0.0,u,u,100,100,2,0.25
u-u_100_100_0.25_3_,100,100,153,1.5013370513916016,0,0.0,u,u,100,100,3,0.25
u-u_100_100_0.25_4_,100,100,120,1.3281540870666504,0,0.0,u,u,100,100,4,0.25
u-u_100_100_0.25_5_,100,100,214,2.243964910507202,44,0.44,u,u,100,100,5,0.25
l-l_100_100_0.5_1_,100,100,493,15.000855207443237,0,0.0,l,l,100,100,1,0.5
l-l_100_100_0.5_2_,100,100,465,13.164422273635864,0,0.0,l,l,100,100,2,0.5
l-l_100_100_0.5_3_,100,100,317,7.041117906570435,0,0.0,l,l,100,100,3,0.5
l-l_100_100_0.5_4_,100,100,474,12.817458868026733,0,0.0,l,l,100,100,4,0.5
l-l_100_100_0.5_5_,100,100,467,14.321526050567627,0,0.0,l,l,100,100,5,0.5
l-m_100_100_0.5_1_,100,100,437,6.966214895248413,25,0.25,l,m,100,100,1,0.5
l-m_100_100_0.5_2_,100,100,351,5.730219125747681,17,0.17,l,m,100,100,2,0.5
l-m_100_100_0.5_3_,100,100,374,5.2583229541778564,18,0.18,l,m,100,100,3,0.5
l-m_100_100_0.5_4_,100,100,170,2.472385883331299,10,0.1,l,m,100,100,4,0.5
l-m_100_100_0.5_5_,100,100,399,6.672904014587402,19,0.19,l,m,100,100,5,0.5
l-u_100_100_0.5_1_,100,100,559,4.734097003936768,76,0.76,l,u,100,100,1,0.5
l-u_100_100_0.5_2_,100,100,478,3.3453969955444336,82,0.82,l,u,100,100,2,0.5
l-u_100_100_0.5_3_,100,100,580,5.1444151401519775,70,0.7,l,u,100,100,3,0.5
l-u_100_100_0.5_4_,100,100,365,3.5364511013031006,92,0.92,l,u,100,100,4,0.5
l-u_100_100_0.5_5_,100,100,290,2.90432071685791,89,0.89,l,u,100,100,5,0.5
m-l_100_100_0.5_1_,100,100,243,4.232512950897217,0,0.0,m,l,100,100,1,0.5
m-l_100_100_0.5_2_,100,100,315,5.210785627365112,0,0.0,m,l,100,100,2,0.5
m-l_100_100_0.5_3_,100,100,178,3.0613389015197754,0,0.0,m,l,100,100,3,0.5
m-l_100_100_0.5_4_,100,100,258,4.825995206832886,0,0.0,m,l,100,100,4,0.5
m-l_100_100_0.5_5_,100,100,236,4.458399057388306,0,0.0,m,l,100,100,5,0.5
m-m_100_100_0.5_1_,100,100,450,9.041246891021729,34,0.34,m,m,100,100,1,0.5
m-m_100_100_0.5_2_,100,100,436,8.928338766098022,20,0.2,m,m,100,100,2,0.5
m-m_100_100_0.5_3_,100,100,440,7.946419954299927,17,0.17,m,m,100,100,3,0.5
m-m_100_100_0.5_4_,100,100,429,8.690331220626831,24,0.24,m,m,100,100,4,0.5
m-m_100_100_0.5_5_,100,100,458,8.700169086456299,27,0.27,m,m,100,100,5,0.5
m-u_100_100_0.5_1_,100,100,194,1.6621549129486084,80,0.8,m,u,100,100,1,0.5
m-u_100_100_0.5_2_,100,100,372,2.6983132362365723,80,0.8,m,u,100,100,2,0.5
m-u_100_100_0.5_3_,100,100,110,0.8302571773529053,79,0.79,m,u,100,100,3,0.5
m-u_100_100_0.5_4_,100,100,217,2.3009817600250244,83,0.83,m,u,100,100,4,0.5
m-u_100_100_0.5_5_,100,100,121,1.1161210536956787,74,0.74,m,u,100,100,5,0.5
u-l_100_100_0.5_1_,100,100,92,0.9219982624053955,0,0.0,u,l,100,100,1,0.5
u-l_100_100_0.5_2_,100,100,96,0.9120972156524658,0,0.0,u,l,100,100,2,0.5
u-l_100_100_0.5_3_,100,100,107,1.1488449573516846,0,0.0,u,l,100,100,3,0.5
u-l_100_100_0.5_4_,100,100,93,0.7132580280303955,0,0.0,u,l,100,100,4,0.5
u-l_100_100_0.5_5_,100,100,112,1.1427958011627197,0,0.0,u,l,100,100,5,0.5
u-m_100_100_0.5_1_,100,100,58,0.5044970512390137,0,0.0,u,m,100,100,1,0.5
u-m_100_100_0.5_2_,100,100,66,0.5279338359832764,0,0.0,u,m,100,100,2,0.5
u-m_100_100_0.5_3_,100,100,64,0.4419260025024414,0,0.0,u,m,100,100,3,0.5
u-m_100_100_0.5_4_,100,100,59,0.33768486976623535,0,0.0,u,m,100,100,4,0.5
u-m_100_100_0.5_5_,100,100,76,0.5653488636016846,0,0.0,u,m,100,100,5,0.5
u-u_100_100_0.5_1_,100,100,92,1.020561933517456,0,0.0,u,u,100,100,1,0.5
u-u_100_100_0.5_2_,100,100,195,2.0148677825927734,0,0.0,u,u,100,100,2,0.5
u-u_100_100_0.5_3_,100,100,144,1.5141770839691162,0,0.0,u,u,100,100,3,0.5
u-u_100_100_0.5_4_,100,100,123,1.4462647438049316,0,0.0,u,u,100,100,4,0.5
u-u_100_100_0.5_5_,100,100,218,2.416485071182251,44,0.44,u,u,100,100,5,0.5
l-l_100_100_0.75_1_,100,100,506,16.553280115127563,0,0.0,l,l,100,100,1,0.75
l-l_100_100_0.75_2_,100,100,460,13.045605897903442,0,0.0,l,l,100,100,2,0.75
l-l_100_100_0.75_3_,100,100,316,7.072588682174683,0,0.0,l,l,100,100,3,0.75
l-l_100_100_0.75_4_,100,100,483,13.227631092071533,0,0.0,l,l,100,100,4,0.75
l-l_100_100_0.75_5_,100,100,469,14.560975074768066,0,0.0,l,l,100,100,5,0.75
l-m_100_100_0.75_1_,100,100,496,8.298405170440674,34,0.34,l,m,100,100,1,0.75
l-m_100_100_0.75_2_,100,100,414,7.357446193695068,26,0.26,l,m,100,100,2,0.75
l-m_100_100_0.75_3_,100,100,445,7.160156011581421,28,0.28,l,m,100,100,3,0.75
l-m_100_100_0.75_4_,100,100,208,3.286647081375122,14,0.14,l,m,100,100,4,0.75
l-m_100_100_0.75_5_,100,100,438,7.834218978881836,30,0.3,l,m,100,100,5,0.75
l-u_100_100_0.75_1_,100,100,639,5.552588939666748,79,0.79,l,u,100,100,1,0.75
l-u_100_100_0.75_2_,100,100,631,4.612267017364502,84,0.84,l,u,100,100,2,0.75
l-u_100_100_0.75_3_,100,100,711,6.61919903755188,74,0.74,l,u,100,100,3,0.75
l-u_100_100_0.75_4_,100,100,365,3.6287717819213867,92,0.92,l,u,100,100,4,0.75
l-u_100_100_0.75_5_,100,100,290,2.9915738105773926,89,0.89,l,u,100,100,5,0.75
m-l_100_100_0.75_1_,100,100,250,4.7131569385528564,0,0.0,m,l,100,100,1,0.75
m-l_100_100_0.75_2_,100,100,326,5.450037002563477,0,0.0,m,l,100,100,2,0.75
m-l_100_100_0.75_3_,100,100,187,3.263770818710327,0,0.0,m,l,100,100,3,0.75
m-l_100_100_0.75_4_,100,100,264,4.9579572677612305,0,0.0,m,l,100,100,4,0.75
m-l_100_100_0.75_5_,100,100,239,4.4131810665130615,0,0.0,m,l,100,100,5,0.75
m-m_100_100_0.75_1_,100,100,520,10.672956228256226,37,0.37,m,m,100,100,1,0.75
m-m_100_100_0.75_2_,100,100,533,11.888504028320312,31,0.31,m,m,100,100,2,0.75
m-m_100_100_0.75_3_,100,100,377,6.66587495803833,22,0.22,m,m,100,100,3,0.75
m-m_100_100_0.75_4_,100,100,497,11.436882257461548,31,0.31,m,m,100,100,4,0.75
m-m_100_100_0.75_5_,100,100,497,10.333811044692993,32,0.32,m,m,100,100,5,0.75
m-u_100_100_0.75_1_,100,100,194,1.6879448890686035,80,0.8,m,u,100,100,1,0.75
m-u_100_100_0.75_2_,100,100,372,2.704563856124878,80,0.8,m,u,100,100,2,0.75
m-u_100_100_0.75_3_,100,100,110,0.8680210113525391,79,0.79,m,u,100,100,3,0.75
m-u_100_100_0.75_4_,100,100,217,2.294618844985962,83,0.83,m,u,100,100,4,0.75
m-u_100_100_0.75_5_,100,100,121,1.1243598461151123,74,0.74,m,u,100,100,5,0.75
u-l_100_100_0.75_1_,100,100,96,0.9859118461608887,0,0.0,u,l,100,100,1,0.75
u-l_100_100_0.75_2_,100,100,101,0.9860999584197998,0,0.0,u,l,100,100,2,0.75
u-l_100_100_0.75_3_,100,100,111,1.2042150497436523,0,0.0,u,l,100,100,3,0.75
u-l_100_100_0.75_4_,100,100,97,0.7772290706634521,0,0.0,u,l,100,100,4,0.75
u-l_100_100_0.75_5_,100,100,114,1.2207999229431152,0,0.0,u,l,100,100,5,0.75
u-m_100_100_0.75_1_,100,100,79,0.7679562568664551,0,0.0,u,m,100,100,1,0.75
u-m_100_100_0.75_2_,100,100,81,0.7834880352020264,0,0.0,u,m,100,100,2,0.75
u-m_100_100_0.75_3_,100,100,87,0.7399470806121826,0,0.0,u,m,100,100,3,0.75
u-m_100_100_0.75_4_,100,100,79,0.5522058010101318,0,0.0,u,m,100,100,4,0.75
u-m_100_100_0.75_5_,100,100,91,0.7531890869140625,0,0.0,u,m,100,100,5,0.75
u-u_100_100_0.75_1_,100,100,96,1.1942038536071777,0,0.0,u,u,100,100,1,0.75
u-u_100_100_0.75_2_,100,100,208,2.5078392028808594,0,0.0,u,u,100,100,2,0.75
u-u_100_100_0.75_3_,100,100,132,1.3906428813934326,0,0.0,u,u,100,100,3,0.75
u-u_100_100_0.75_4_,100,100,126,1.7067360877990723,0,0.0,u,u,100,100,4,0.75
u-u_100_100_0.75_5_,100,100,219,2.5629279613494873,44,0.44,u,u,100,100,5,0.75
l-l_100_100_all_1_,100,100,503,16.906178951263428,0,0.0,l,l,100,100,1,all
l-l_100_100_all_2_,100,100,463,13.234344959259033,0,0.0,l,l,100,100,2,all
l-l_100_100_all_3_,100,100,315,7.017553091049194,0,0.0,l,l,100,100,3,all
l-l_100_100_all_4_,100,100,482,13.250330209732056,0,0.0,l,l,100,100,4,all
l-l_100_100_all_5_,100,100,480,15.15194582939148,0,0.0,l,l,100,100,5,all
l-m_100_100_all_1_,100,100,571,10.511425018310547,38,0.38,l,m,100,100,1,all
l-m_100_100_all_2_,100,100,477,10.692676782608032,35,0.35,l,m,100,100,2,all
l-m_100_100_all_3_,100,100,497,9.596163988113403,39,0.39,l,m,100,100,3,all
l-m_100_100_all_4_,100,100,268,5.430449962615967,20,0.2,l,m,100,100,4,all
l-m_100_100_all_5_,100,100,505,10.11423397064209,35,0.35,l,m,100,100,5,all
l-u_100_100_all_1_,100,100,679,7.204138994216919,85,0.85,l,u,100,100,1,all
l-u_100_100_all_2_,100,100,452,3.6447460651397705,87,0.87,l,u,100,100,2,all
l-u_100_100_all_3_,100,100,500,5.174876928329468,89,0.89,l,u,100,100,3,all
l-u_100_100_all_4_,100,100,373,3.7600760459899902,93,0.93,l,u,100,100,4,all
l-u_100_100_all_5_,100,100,294,3.111417770385742,89,0.89,l,u,100,100,5,all
m-l_100_100_all_1_,100,100,253,5.161171913146973,0,0.0,m,l,100,100,1,all
m-l_100_100_all_2_,100,100,331,5.582104206085205,0,0.0,m,l,100,100,2,all
m-l_100_100_all_3_,100,100,192,3.3462719917297363,0,0.0,m,l,100,100,3,all
m-l_100_100_all_4_,100,100,267,5.091018915176392,0,0.0,m,l,100,100,4,all
m-l_100_100_all_5_,100,100,244,4.575136184692383,0,0.0,m,l,100,100,5,all
m-m_100_100_all_1_,100,100,610,14.076146841049194,39,0.39,m,m,100,100,1,all
m-m_100_100_all_2_,100,100,632,14.92603087425232,35,0.35,m,m,100,100,2,all
m-m_100_100_all_3_,100,100,388,6.943825960159302,25,0.25,m,m,100,100,3,all
m-m_100_100_all_4_,100,100,598,14.687310218811035,41,0.41,m,m,100,100,4,all
m-m_100_100_all_5_,100,100,566,12.761379718780518,36,0.36,m,m,100,100,5,all
m-u_100_100_all_1_,100,100,162,1.5303668975830078,82,0.82,m,u,100,100,1,all
m-u_100_100_all_2_,100,100,302,2.3510220050811768,82,0.82,m,u,100,100,2,all
m-u_100_100_all_3_,100,100,229,2.220290184020996,79,0.79,m,u,100,100,3,all
m-u_100_100_all_4_,100,100,282,3.0592591762542725,86,0.86,m,u,100,100,4,all
m-u_100_100_all_5_,100,100,205,2.1964240074157715,74,0.74,m,u,100,100,5,all
u-l_100_100_all_1_,100,100,101,1.071876049041748,0,0.0,u,l,100,100,1,all
u-l_100_100_all_2_,100,100,107,1.1062860488891602,0,0.0,u,l,100,100,2,all
u-l_100_100_all_3_,100,100,115,1.3078851699829102,0,0.0,u,l,100,100,3,all
u-l_100_100_all_4_,100,100,101,0.8583800792694092,0,0.0,u,l,100,100,4,all
u-l_100_100_all_5_,100,100,117,1.2414741516113281,0,0.0,u,l,100,100,5,all
u-m_100_100_all_1_,100,100,100,1.0963740348815918,0,0.0,u,m,100,100,1,all
u-m_100_100_all_2_,100,100,101,1.2017109394073486,0,0.0,u,m,100,100,2,all
u-m_100_100_all_3_,100,100,108,1.1247680187225342,0,0.0,u,m,100,100,3,all
u-m_100_100_all_4_,100,100,101,0.8826870918273926,0,0.0,u,m,100,100,4,all
u-m_100_100_all_5_,100,100,114,1.150235891342163,0,0.0,u,m,100,100,5,all
u-u_100_100_all_1_,100,100,112,1.389591932296753,0,0.0,u,u,100,100,1,all
u-u_100_100_all_2_,100,100,214,2.6826398372650146,0,0.0,u,u,100,100,2,all
u-u_100_100_all_3_,100,100,115,1.1880533695220947,0,0.0,u,u,100,100,3,all
u-u_100_100_all_4_,100,100,138,1.893923044204712,0,0.0,u,u,100,100,4,all
u-u_100_100_all_5_,100,100,241,2.896055221557617,44,0.44,u,u,100,100,5,all
l-l_150_150_lexmin_1_,150,150,330,5.16599178314209,0,0.0,l,l,150,150,1,lexmin
l-l_150_150_lexmin_2_,150,150,254,4.139047861099243,0,0.0,l,l,150,150,2,lexmin
l-l_150_150_lexmin_3_,150,150,318,5.032471179962158,0,0.0,l,l,150,150,3,lexmin
l-l_150_150_lexmin_4_,150,150,428,6.935924053192139,0,0.0,l,l,150,150,4,lexmin
l-l_150_150_lexmin_5_,150,150,279,4.25792384147644,0,0.0,l,l,150,150,5,lexmin
l-m_150_150_lexmin_1_,150,150,272,4.004509210586548,0,0.0,l,m,150,150,1,lexmin
l-m_150_150_lexmin_2_,150,150,178,2.9759111404418945,0,0.0,l,m,150,150,2,lexmin
l-m_150_150_lexmin_3_,150,150,287,4.4360010623931885,0,0.0,l,m,150,150,3,lexmin
l-m_150_150_lexmin_4_,150,150,227,3.487661123275757,0,0.0,l,m,150,150,4,lexmin
l-m_150_150_lexmin_5_,150,150,293,4.099458932876587,0,0.0,l,m,150,150,5,lexmin
l-u_150_150_lexmin_1_,150,150,402,6.4122960567474365,146,0.9733333333333334,l,u,150,150,1,lexmin
l-u_150_150_lexmin_2_,150,150,311,5.081279993057251,120,0.8,l,u,150,150,2,lexmin
l-u_150_150_lexmin_3_,150,150,293,4.649320840835571,141,0.94,l,u,150,150,3,lexmin
l-u_150_150_lexmin_4_,150,150,300,4.82495903968811,136,0.9066666666666666,l,u,150,150,4,lexmin
l-u_150_150_lexmin_5_,150,150,448,7.152359247207642,137,0.9133333333333333,l,u,150,150,5,lexmin
m-l_150_150_lexmin_1_,150,150,151,2.334972858428955,0,0.0,m,l,150,150,1,lexmin
m-l_150_150_lexmin_2_,150,150,152,2.360466241836548,0,0.0,m,l,150,150,2,lexmin
m-l_150_150_lexmin_3_,150,150,153,2.3837850093841553,0,0.0,m,l,150,150,3,lexmin
m-l_150_150_lexmin_4_,150,150,154,2.3214569091796875,0,0.0,m,l,150,150,4,lexmin
m-l_150_150_lexmin_5_,150,150,151,2.2126410007476807,0,0.0,m,l,150,150,5,lexmin
m-m_150_150_lexmin_1_,150,150,390,6.092576026916504,0,0.0,m,m,150,150,1,lexmin
m-m_150_150_lexmin_2_,150,150,383,6.6543309688568115,0,0.0,m,m,150,150,2,lexmin
m-m_150_150_lexmin_3_,150,150,267,4.0318121910095215,0,0.0,m,m,150,150,3,lexmin
m-m_150_150_lexmin_4_,150,150,148,2.2059900760650635,0,0.0,m,m,150,150,4,lexmin
m-m_150_150_lexmin_5_,150,150,334,4.36532998085022,0,0.0,m,m,150,150,5,lexmin
m-u_150_150_lexmin_1_,150,150,151,2.2985079288482666,122,0.8133333333333334,m,u,150,150,1,lexmin
m-u_150_150_lexmin_2_,150,150,152,2.4306223392486572,104,0.6933333333333334,m,u,150,150,2,lexmin
m-u_150_150_lexmin_3_,150,150,151,2.2948150634765625,112,0.7466666666666667,m,u,150,150,3,lexmin
m-u_150_150_lexmin_4_,150,150,173,2.664944887161255,110,0.7333333333333333,m,u,150,150,4,lexmin
m-u_150_150_lexmin_5_,150,150,151,2.2936718463897705,108,0.72,m,u,150,150,5,lexmin
u-l_150_150_lexmin_1_,150,150,237,3.9555487632751465,0,0.0,u,l,150,150,1,lexmin
u-l_150_150_lexmin_2_,150,150,186,2.831155776977539,0,0.0,u,l,150,150,2,lexmin
u-l_150_150_lexmin_3_,150,150,151,2.358513116836548,0,0.0,u,l,150,150,3,lexmin
u-l_150_150_lexmin_4_,150,150,171,2.2775280475616455,0,0.0,u,l,150,150,4,lexmin
u-l_150_150_lexmin_5_,150,150,149,2.318382978439331,0,0.0,u,l,150,150,5,lexmin
u-m_150_150_lexmin_1_,150,150,136,1.7831239700317383,0,0.0,u,m,150,150,1,lexmin
u-m_150_150_lexmin_2_,150,150,126,1.879685878753662,0,0.0,u,m,150,150,2,lexmin
u-m_150_150_lexmin_3_,150,150,84,0.8998451232910156,0,0.0,u,m,150,150,3,lexmin
u-m_150_150_lexmin_4_,150,150,98,1.1586837768554688,0,0.0,u,m,150,150,4,lexmin
u-m_150_150_lexmin_5_,150,150,88,1.001373052597046,0,0.0,u,m,150,150,5,lexmin
u-u_150_150_lexmin_1_,150,150,251,4.14377498626709,78,0.52,u,u,150,150,1,lexmin
u-u_150_150_lexmin_2_,150,150,165,2.5158369541168213,0,0.0,u,u,150,150,2,lexmin
u-u_150_150_lexmin_3_,150,150,211,3.3305511474609375,0,0.0,u,u,150,150,3,lexmin
u-u_150_150_lexmin_4_,150,150,209,3.3107008934020996,56,0.37333333333333335,u,u,150,150,4,lexmin
u-u_150_150_lexmin_5_,150,150,138,2.0258982181549072,0,0.0,u,u,150,150,5,lexmin
l-l_150_150_extreme_1_,150,150,761,44.55761194229126,0,0.0,l,l,150,150,1,extreme
l-l_150_150_extreme_2_,150,150,705,40.9121630191803,1,0.006666666666666667,l,l,150,150,2,extreme
l-l_150_150_extreme_3_,150,150,552,27.95367980003357,0,0.0,l,l,150,150,3,extreme
l-l_150_150_extreme_4_,150,150,734,43.66355299949646,0,0.0,l,l,150,150,4,extreme
l-l_150_150_extreme_5_,150,150,761,47.79064583778381,0,0.0,l,l,150,150,5,extreme
l-m_150_150_extreme_1_,150,150,363,8.669558048248291,0,0.0,l,m,150,150,1,extreme
l-m_150_150_extreme_2_,150,150,237,4.515106916427612,0,0.0,l,m,150,150,2,extreme
l-m_150_150_extreme_3_,150,150,301,5.370010852813721,1,0.006666666666666667,l,m,150,150,3,extreme
l-m_150_150_extreme_4_,150,150,281,5.313406944274902,2,0.013333333333333334,l,m,150,150,4,extreme
l-m_150_150_extreme_5_,150,150,190,4.008080005645752,1,0.006666666666666667,l,m,150,150,5,extreme
l-u_150_150_extreme_1_,150,150,402,6.580693006515503,146,0.9733333333333334,l,u,150,150,1,extreme
l-u_150_150_extreme_2_,150,150,311,5.087120056152344,120,0.8,l,u,150,150,2,extreme
l-u_150_150_extreme_3_,150,150,293,4.753523826599121,141,0.94,l,u,150,150,3,extreme
l-u_150_150_extreme_4_,150,150,300,4.922543048858643,136,0.9066666666666666,l,u,150,150,4,extreme
l-u_150_150_extreme_5_,150,150,448,7.196671009063721,137,0.9133333333333333,l,u,150,150,5,extreme
m-l_150_150_extreme_1_,150,150,344,12.676973104476929,0,0.0,m,l,150,150,1,extreme
m-l_150_150_extreme_2_,150,150,265,10.944550037384033,0,0.0,m,l,150,150,2,extreme
m-l_150_150_extreme_3_,150,150,235,8.518578290939331,0,0.0,m,l,150,150,3,extreme
m-l_150_150_extreme_4_,150,150,294,9.174882173538208,0,0.0,m,l,150,150,4,extreme
m-l_150_150_extreme_5_,150,150,297,11.29870080947876,0,0.0,m,l,150,150,5,extreme
m-m_150_150_extreme_1_,150,150,561,12.384300947189331,8,0.05333333333333334,m,m,150,150,1,extreme
m-m_150_150_extreme_2_,150,150,546,13.48931622505188,22,0.14666666666666667,m,m,150,150,2,extreme
m-m_150_150_extreme_3_,150,150,558,13.916386127471924,10,0.06666666666666667,m,m,150,150,3,extreme
m-m_150_150_extreme_4_,150,150,592,13.299730777740479,15,0.1,m,m,150,150,4,extreme
m-m_150_150_extreme_5_,150,150,429,10.31303596496582,5,0.03333333333333333,m,m,150,150,5,extreme
m-u_150_150_extreme_1_,150,150,151,2.289677143096924,122,0.8133333333333334,m,u,150,150,1,extreme
m-u_150_150_extreme_2_,150,150,152,2.357438802719116,104,0.6933333333333334,m,u,150,150,2,extreme
m-u_150_150_extreme_3_,150,150,151,2.264214038848877,112,0.7466666666666667,m,u,150,150,3,extreme
m-u_150_150_extreme_4_,150,150,173,2.614145040512085,110,0.7333333333333333,m,u,150,150,4,extreme
m-u_150_150_extreme_5_,150,150,151,2.1870970726013184,108,0.72,m,u,150,150,5,extreme
u-l_150_150_extreme_1_,150,150,125,2.5195350646972656,0,0.0,u,l,150,150,1,extreme
u-l_150_150_extreme_2_,150,150,127,2.3161838054656982,0,0.0,u,l,150,150,2,extreme
u-l_150_150_extreme_3_,150,150,114,1.7474451065063477,0,0.0,u,l,150,150,3,extreme
u-l_150_150_extreme_4_,150,150,109,1.6682019233703613,0,0.0,u,l,150,150,4,extreme
u-l_150_150_extreme_5_,150,150,112,1.4171662330627441,0,0.0,u,l,150,150,5,extreme
u-m_150_150_extreme_1_,150,150,107,1.5242300033569336,0,0.0,u,m,150,150,1,extreme
u-m_150_150_extreme_2_,150,150,49,0.5963480472564697,0,0.0,u,m,150,150,2,extreme
u-m_150_150_extreme_3_,150,150,26,0.24813079833984375,0,0.0,u,m,150,150,3,extreme
u-m_150_150_extreme_4_,150,150,54,0.6213462352752686,0,0.0,u,m,150,150,4,extreme
u-m_150_150_extreme_5_,150,150,104,1.3665220737457275,0,0.0,u,m,150,150,5,extreme
u-u_150_150_extreme_1_,150,150,251,4.154446840286255,78,0.52,u,u,150,150,1,extreme
u-u_150_150_extreme_2_,150,150,165,2.5439999103546143,0,0.0,u,u,150,150,2,extreme
u-u_150_150_extreme_3_,150,150,211,3.4807770252227783,0,0.0,u,u,150,150,3,extreme
u-u_150_150_extreme_4_,150,150,209,3.297680139541626,56,0.37333333333333335,u,u,150,150,4,extreme
u-u_150_150_extreme_5_,150,150,138,2.0176351070404053,0,0.0,u,u,150,150,5,extreme
l-l_150_150_0.25_1_,150,150,770,48.28434085845947,0,0.0,l,l,150,150,1,0.25
l-l_150_150_0.25_2_,150,150,729,47.325287103652954,1,0.006666666666666667,l,l,150,150,2,0.25
l-l_150_150_0.25_3_,150,150,549,28.90811586380005,0,0.0,l,l,150,150,3,0.25
l-l_150_150_0.25_4_,150,150,778,52.84538292884827,0,0.0,l,l,150,150,4,0.25
l-l_150_150_0.25_5_,150,150,781,53.24726319313049,0,0.0,l,l,150,150,5,0.25
l-m_150_150_0.25_1_,150,150,519,15.800966024398804,15,0.1,l,m,150,150,1,0.25
l-m_150_150_0.25_2_,150,150,386,10.115314960479736,17,0.11333333333333333,l,m,150,150,2,0.25
l-m_150_150_0.25_3_,150,150,527,14.452230215072632,16,0.10666666666666667,l,m,150,150,3,0.25
l-m_150_150_0.25_4_,150,150,495,15.148522853851318,11,0.07333333333333333,l,m,150,150,4,0.25
l-m_150_150_0.25_5_,150,150,480,17.945086002349854,11,0.07333333333333333,l,m,150,150,5,0.25
l-u_150_150_0.25_1_,150,150,403,6.6380720138549805,146,0.9733333333333334,l,u,150,150,1,0.25
l-u_150_150_0.25_2_,150,150,612,11.55128002166748,140,0.9333333333333333,l,u,150,150,2,0.25
l-u_150_150_0.25_3_,150,150,328,5.591280937194824,141,0.94,l,u,150,150,3,0.25
l-u_150_150_0.25_4_,150,150,450,10.002295017242432,136,0.9066666666666666,l,u,150,150,4,0.25
l-u_150_150_0.25_5_,150,150,467,8.919541120529175,137,0.9133333333333333,l,u,150,150,5,0.25
m-l_150_150_0.25_1_,150,150,355,13.365821838378906,0,0.0,m,l,150,150,1,0.25
m-l_150_150_0.25_2_,150,150,277,11.41124677658081,0,0.0,m,l,150,150,2,0.25
m-l_150_150_0.25_3_,150,150,245,9.060501098632812,0,0.0,m,l,150,150,3,0.25
m-l_150_150_0.25_4_,150,150,310,10.216850280761719,0,0.0,m,l,150,150,4,0.25
m-l_150_150_0.25_5_,150,150,305,12.067867279052734,0,0.0,m,l,150,150,5,0.25
m-m_150_150_0.25_1_,150,150,643,27.304069757461548,22,0.14666666666666667,m,m,150,150,1,0.25
m-m_150_150_0.25_2_,150,150,726,30.41968011856079,44,0.29333333333333333,m,m,150,150,2,0.25
m-m_150_150_0.25_3_,150,150,594,25.5302677154541,29,0.19333333333333333,m,m,150,150,3,0.25
m-m_150_150_0.25_4_,150,150,623,33.50641393661499,28,0.18666666666666668,m,m,150,150,4,0.25
m-m_150_150_0.25_5_,150,150,536,27.262759923934937,17,0.11333333333333333,m,m,150,150,5,0.25
m-u_150_150_0.25_1_,150,150,266,4.1549389362335205,125,0.8333333333333334,m,u,150,150,1,0.25
m-u_150_150_0.25_2_,150,150,485,9.245676040649414,111,0.74,m,u,150,150,2,0.25
m-u_150_150_0.25_3_,150,150,253,4.012369871139526,118,0.7866666666666666,m,u,150,150,3,0.25
m-u_150_150_0.25_4_,150,150,281,5.958514928817749,114,0.76,m,u,150,150,4,0.25
m-u_150_150_0.25_5_,150,150,565,10.245534181594849,110,0.7333333333333333,m,u,150,150,5,0.25
u-l_150_150_0.25_1_,150,150,135,2.844249725341797,0,0.0,u,l,150,150,1,0.25
u-l_150_150_0.25_2_,150,150,139,2.748868703842163,0,0.0,u,l,150,150,2,0.25
u-l_150_150_0.25_3_,150,150,124,2.0122580528259277,0,0.0,u,l,150,150,3,0.25
u-l_150_150_0.25_4_,150,150,120,2.026978015899658,0,0.0,u,l,150,150,4,0.25
u-l_150_150_0.25_5_,150,150,121,1.576436996459961,0,0.0,u,l,150,150,5,0.25
u-m_150_150_0.25_1_,150,150,94,1.4061250686645508,0,0.0,u,m,150,150,1,0.25
u-m_150_150_0.25_2_,150,150,76,1.1042532920837402,0,0.0,u,m,150,150,2,0.25
u-m_150_150_0.25_3_,150,150,58,0.6380360126495361,0,0.0,u,m,150,150,3,0.25
u-m_150_150_0.25_4_,150,150,84,1.1925818920135498,0,0.0,u,m,150,150,4,0.25
u-m_150_150_0.25_5_,150,150,118,2.20951509475708,0,0.0,u,m,150,150,5,0.25
u-u_150_150_0.25_1_,150,150,266,5.000661134719849,78,0.52,u,u,150,150,1,0.25
u-u_150_150_0.25_2_,150,150,175,3.874552011489868,0,0.0,u,u,150,150,2,0.25
u-u_150_150_0.25_3_,150,150,189,3.8418099880218506,0,0.0,u,u,150,150,3,0.25
u-u_150_150_0.25_4_,150,150,277,6.640092849731445,57,0.38,u,u,150,150,4,0.25
u-u_150_150_0.25_5_,150,150,150,2.623028039932251,0,0.0,u,u,150,150,5,0.25
l-l_150_150_0.5_1_,150,150,782,54.128185987472534,0,0.0,l,l,150,150,1,0.5
l-l_150_150_0.5_2_,150,150,765,54.16420102119446,1,0.006666666666666667,l,l,150,150,2,0.5
l-l_150_150_0.5_3_,150,150,551,29.76016592979431,0,0.0,l,l,150,150,3,0.5
l-l_150_150_0.5_4_,150,150,827,60.350518226623535,0,0.0,l,l,150,150,4,0.5
l-l_150_150_0.5_5_,150,150,803,57.56739592552185,0,0.0,l,l,150,150,5,0.5
l-m_150_150_0.5_1_,150,150,689,25.35988712310791,30,0.2,l,m,150,150,1,0.5
l-m_150_150_0.5_2_,150,150,463,14.547781944274902,31,0.20666666666666667,l,m,150,150,2,0.5
l-m_150_150_0.5_3_,150,150,711,23.9257652759552,34,0.22666666666666666,l,m,150,150,3,0.5
l-m_150_150_0.5_4_,150,150,707,24.89455485343933,26,0.17333333333333334,l,m,150,150,4,0.5
l-m_150_150_0.5_5_,150,150,649,24.809263944625854,32,0.21333333333333335,l,m,150,150,5,0.5
l-u_150_150_0.5_1_,150,150,403,6.70090126991272,146,0.9733333333333334,l,u,150,150,1,0.5
l-u_150_150_0.5_2_,150,150,747,14.328426122665405,140,0.9333333333333333,l,u,150,150,2,0.5
l-u_150_150_0.5_3_,150,150,328,5.754313945770264,141,0.94,l,u,150,150,3,0.5
l-u_150_150_0.5_4_,150,150,450,10.422188758850098,136,0.9066666666666666,l,u,150,150,4,0.5
l-u_150_150_0.5_5_,150,150,467,9.553839206695557,137,0.9133333333333333,l,u,150,150,5,0.5
m-l_150_150_0.5_1_,150,150,355,15.586626768112183,0,0.0,m,l,150,150,1,0.5
m-l_150_150_0.5_2_,150,150,296,14.012809038162231,0,0.0,m,l,150,150,2,0.5
m-l_150_150_0.5_3_,150,150,261,10.612365961074829,0,0.0,m,l,150,150,3,0.5
m-l_150_150_0.5_4_,150,150,338,12.22738003730774,0,0.0,m,l,150,150,4,0.5
m-l_150_150_0.5_5_,150,150,313,13.224638938903809,0,0.0,m,l,150,150,5,0.5
m-m_150_150_0.5_1_,150,150,804,40.22673201560974,35,0.23333333333333334,m,m,150,150,1,0.5
m-m_150_150_0.5_2_,150,150,754,37.277390003204346,52,0.3466666666666667,m,m,150,150,2,0.5
m-m_150_150_0.5_3_,150,150,617,30.087705850601196,37,0.24666666666666667,m,m,150,150,3,0.5
m-m_150_150_0.5_4_,150,150,703,40.48473596572876,36,0.24,m,m,150,150,4,0.5
m-m_150_150_0.5_5_,150,150,808,43.025511026382446,36,0.24,m,m,150,150,5,0.5
m-u_150_150_0.5_1_,150,150,266,4.294742822647095,125,0.8333333333333334,m,u,150,150,1,0.5
m-u_150_150_0.5_2_,150,150,485,9.294594764709473,111,0.74,m,u,150,150,2,0.5
m-u_150_150_0.5_3_,150,150,253,4.113081216812134,118,0.7866666666666666,m,u,150,150,3,0.5
m-u_150_150_0.5_4_,150,150,281,6.061280012130737,114,0.76,m,u,150,150,4,0.5
m-u_150_150_0.5_5_,150,150,565,10.2728271484375,110,0.7333333333333333,m,u,150,150,5,0.5
u-l_150_150_0.5_1_,150,150,144,3.128436803817749,0,0.0,u,l,150,150,1,0.5
u-l_150_150_0.5_2_,150,150,150,3.0605201721191406,0,0.0,u,l,150,150,2,0.5
u-l_150_150_0.5_3_,150,150,135,2.32936692237854,0,0.0,u,l,150,150,3,0.5
u-l_150_150_0.5_4_,150,150,132,2.312955856323242,0,0.0,u,l,150,150,4,0.5
u-l_150_150_0.5_5_,150,150,131,1.8963658809661865,0,0.0,u,l,150,150,5,0.5
u-m_150_150_0.5_1_,150,150,109,1.7538399696350098,0,0.0,u,m,150,150,1,0.5
u-m_150_150_0.5_2_,150,150,114,2.2597529888153076,0,0.0,u,m,150,150,2,0.5
u-m_150_150_0.5_3_,150,150,90,1.2007839679718018,0,0.0,u,m,150,150,3,0.5
u-m_150_150_0.5_4_,150,150,106,1.9191899299621582,0,0.0,u,m,150,150,4,0.5
u-m_150_150_0.5_5_,150,150,101,1.4152288436889648,0,0.0,u,m,150,150,5,0.5
u-u_150_150_0.5_1_,150,150,276,5.289596080780029,78,0.52,u,u,150,150,1,0.5
u-u_150_150_0.5_2_,150,150,181,4.778848886489868,0,0.0,u,u,150,150,2,0.5
u-u_150_150_0.5_3_,150,150,186,3.666867971420288,0,0.0,u,u,150,150,3,0.5
u-u_150_150_0.5_4_,150,150,292,7.360962867736816,57,0.38,u,u,150,150,4,0.5
u-u_150_150_0.5_5_,150,150,145,2.646243095397949,0,0.0,u,u,150,150,5,0.5
l-l_150_150_0.75_1_,150,150,847,62.92738199234009,0,0.0,l,l,150,150,1,0.75
l-l_150_150_0.75_2_,150,150,825,64.07765293121338,1,0.006666666666666667,l,l,150,150,2,0.75
l-l_150_150_0.75_3_,150,150,555,30.724427938461304,0,0.0,l,l,150,150,3,0.75
l-l_150_150_0.75_4_,150,150,832,60.51009511947632,0,0.0,l,l,150,150,4,0.75
l-l_150_150_0.75_5_,150,150,814,61.115312337875366,0,0.0,l,l,150,150,5,0.75
l-m_150_150_0.75_1_,150,150,717,25.68985605239868,48,0.32,l,m,150,150,1,0.75
l-m_150_150_0.75_2_,150,150,646,23.76945996284485,52,0.3466666666666667,l,m,150,150,2,0.75
l-m_150_150_0.75_3_,150,150,894,37.67773389816284,52,0.3466666666666667,l,m,150,150,3,0.75
l-m_150_150_0.75_4_,150,150,1082,48.11459708213806,45,0.3,l,m,150,150,4,0.75
