prefix,Y1_size,Y2_size,U,U_time,dominated_points,dominated_relative_Y2,t1,t2,s1,s2,seed,ub_level,Y_size,Yn_size,G1_size,G2_size
l-l_10_10_extreme_1_,10,10,18,0.003470897674560547,0,0.0,l,l,10,10,1,extreme,100,43,10,10
l-l_10_10_extreme_2_,10,10,14,0.0027740001678466797,0,0.0,l,l,10,10,2,extreme,100,42,10,10
l-l_10_10_extreme_3_,10,10,11,0.001550912857055664,0,0.0,l,l,10,10,3,extreme,100,28,10,10
l-l_10_10_extreme_4_,10,10,19,0.0032808780670166016,0,0.0,l,l,10,10,4,extreme,100,42,10,10
l-l_10_10_extreme_5_,10,10,12,0.002396821975708008,0,0.0,l,l,10,10,5,extreme,100,43,10,10
l-m_10_10_extreme_1_,10,10,15,0.0020596981048583984,0,0.0,l,m,10,10,1,extreme,100,53,10,10
l-m_10_10_extreme_2_,10,10,12,0.0015149116516113281,0,0.0,l,m,10,10,2,extreme,100,38,10,10
l-m_10_10_extreme_3_,10,10,14,0.002232789993286133,0,0.0,l,m,10,10,3,extreme,100,36,10,10
l-m_10_10_extreme_4_,10,10,14,0.0014829635620117188,0,0.0,l,m,10,10,4,extreme,100,36,10,9
l-m_10_10_extreme_5_,10,10,12,0.0014619827270507812,0,0.0,l,m,10,10,5,extreme,100,34,10,10
l-u_10_10_extreme_1_,10,10,19,0.0018901824951171875,1,0.1,l,u,10,10,1,extreme,100,46,10,8
l-u_10_10_extreme_2_,10,10,12,0.0010821819305419922,2,0.2,l,u,10,10,2,extreme,100,27,10,8
l-u_10_10_extreme_3_,10,10,11,0.0009799003601074219,0,0.0,l,u,10,10,3,extreme,100,39,10,9
l-u_10_10_extreme_4_,10,10,16,0.0016078948974609375,6,0.6,l,u,10,10,4,extreme,100,21,10,4
l-u_10_10_extreme_5_,10,10,5,0.0003840923309326172,0,0.0,l,u,10,10,5,extreme,100,32,10,10
m-l_10_10_extreme_1_,10,10,22,0.0033402442932128906,0,0.0,m,l,10,10,1,extreme,100,34,10,10
m-l_10_10_extreme_2_,10,10,17,0.002928018569946289,0,0.0,m,l,10,10,2,extreme,100,36,9,10
m-l_10_10_extreme_3_,10,10,16,0.002630949020385742,0,0.0,m,l,10,10,3,extreme,100,36,10,10
m-l_10_10_extreme_4_,10,10,26,0.004338979721069336,0,0.0,m,l,10,10,4,extreme,100,38,10,10
m-l_10_10_extreme_5_,10,10,21,0.0044710636138916016,0,0.0,m,l,10,10,5,extreme,100,53,10,10
m-m_10_10_extreme_1_,10,10,17,0.0017740726470947266,0,0.0,m,m,10,10,1,extreme,100,34,9,10
m-m_10_10_extreme_2_,10,10,16,0.0018160343170166016,0,0.0,m,m,10,10,2,extreme,100,34,10,10
m-m_10_10_extreme_3_,10,10,17,0.0024662017822265625,1,0.1,m,m,10,10,3,extreme,100,29,9,7
m-m_10_10_extreme_4_,10,10,12,0.0011818408966064453,0,0.0,m,m,10,10,4,extreme,100,34,10,10
m-m_10_10_extreme_5_,10,10,12,0.0014908313751220703,1,0.1,m,m,10,10,5,extreme,100,34,10,9
m-u_10_10_extreme_1_,10,10,16,0.0015761852264404297,4,0.4,m,u,10,10,1,extreme,100,36,10,6
m-u_10_10_extreme_2_,10,10,17,0.0017249584197998047,3,0.3,m,u,10,10,2,extreme,100,26,10,7
m-u_10_10_extreme_3_,10,10,16,0.0014910697937011719,1,0.1,m,u,10,10,3,extreme,100,39,10,7
m-u_10_10_extreme_4_,10,10,13,0.0011730194091796875,0,0.0,m,u,10,10,4,extreme,100,27,10,9
m-u_10_10_extreme_5_,10,10,19,0.0018229484558105469,5,0.5,m,u,10,10,5,extreme,100,32,10,5
u-l_10_10_extreme_1_,10,10,15,0.0022630691528320312,0,0.0,u,l,10,10,1,extreme,100,32,10,10
u-l_10_10_extreme_2_,10,10,10,0.0011692047119140625,0,0.0,u,l,10,10,2,extreme,100,21,4,10
u-l_10_10_extreme_3_,10,10,16,0.0026700496673583984,0,0.0,u,l,10,10,3,extreme,100,39,9,10
u-l_10_10_extreme_4_,10,10,11,0.001435995101928711,0,0.0,u,l,10,10,4,extreme,100,27,8,10
u-l_10_10_extreme_5_,10,10,13,0.0027260780334472656,0,0.0,u,l,10,10,5,extreme,100,46,8,10
u-m_10_10_extreme_1_,10,10,12,0.0012688636779785156,0,0.0,u,m,10,10,1,extreme,100,32,5,10
u-m_10_10_extreme_2_,10,10,12,0.0015990734100341797,0,0.0,u,m,10,10,2,extreme,100,27,9,10
u-m_10_10_extreme_3_,10,10,14,0.002270936965942383,0,0.0,u,m,10,10,3,extreme,100,39,7,10
u-m_10_10_extreme_4_,10,10,6,0.0006110668182373047,0,0.0,u,m,10,10,4,extreme,100,26,7,10
u-m_10_10_extreme_5_,10,10,8,0.0008881092071533203,0,0.0,u,m,10,10,5,extreme,100,36,6,10
u-u_10_10_extreme_1_,10,10,15,0.0015821456909179688,4,0.4,u,u,10,10,1,extreme,100,38,10,6
u-u_10_10_extreme_2_,10,10,11,0.0011599063873291016,0,0.0,u,u,10,10,2,extreme,100,30,10,10
u-u_10_10_extreme_3_,10,10,11,0.0011677742004394531,0,0.0,u,u,10,10,3,extreme,100,41,8,8
u-u_10_10_extreme_4_,10,10,6,0.0004870891571044922,0,0.0,u,u,10,10,4,extreme,100,30,10,10
u-u_10_10_extreme_5_,10,10,7,0.0006330013275146484,0,0.0,u,u,10,10,5,extreme,100,38,6,10
l-l_50_50_extreme_1_,50,50,196,1.294891119003296,0,0.0,l,l,50,50,1,extreme,2500,410,50,50
l-l_50_50_extreme_2_,50,50,172,1.107193946838379,0,0.0,l,l,50,50,2,extreme,2500,368,50,50
l-l_50_50_extreme_3_,50,50,125,0.6200129985809326,0,0.0,l,l,50,50,3,extreme,2500,296,50,50
l-l_50_50_extreme_4_,50,50,187,0.9658029079437256,0,0.0,l,l,50,50,4,extreme,2500,368,50,50
l-l_50_50_extreme_5_,50,50,190,1.2540967464447021,0,0.0,l,l,50,50,5,extreme,2500,410,50,50
l-m_50_50_extreme_1_,50,50,134,0.4324641227722168,3,0.06,l,m,50,50,1,extreme,2500,273,50,39
l-m_50_50_extreme_2_,50,50,82,0.20471692085266113,0,0.0,l,m,50,50,2,extreme,2500,223,50,30
l-m_50_50_extreme_3_,50,50,73,0.17832493782043457,2,0.04,l,m,50,50,3,extreme,2500,250,50,40
l-m_50_50_extreme_4_,50,50,82,0.24374699592590332,0,0.0,l,m,50,50,4,extreme,2500,225,50,40
l-m_50_50_extreme_5_,50,50,105,0.2542381286621094,1,0.02,l,m,50,50,5,extreme,2500,229,50,40
l-u_50_50_extreme_1_,50,50,105,0.18384194374084473,16,0.32,l,u,50,50,1,extreme,2500,164,50,18
l-u_50_50_extreme_2_,50,50,126,0.23427724838256836,31,0.62,l,u,50,50,2,extreme,2500,189,50,13
l-u_50_50_extreme_3_,50,50,83,0.15462589263916016,21,0.42,l,u,50,50,3,extreme,2500,203,50,11
l-u_50_50_extreme_4_,50,50,77,0.13280200958251953,28,0.56,l,u,50,50,4,extreme,2500,177,50,14
l-u_50_50_extreme_5_,50,50,93,0.16251397132873535,18,0.36,l,u,50,50,5,extreme,2500,245,50,16
m-l_50_50_extreme_1_,50,50,98,0.333812952041626,0,0.0,m,l,50,50,1,extreme,2500,229,40,50
m-l_50_50_extreme_2_,50,50,110,0.4331040382385254,0,0.0,m,l,50,50,2,extreme,2500,225,40,50
m-l_50_50_extreme_3_,50,50,108,0.422421932220459,0,0.0,m,l,50,50,3,extreme,2500,250,40,50
m-l_50_50_extreme_4_,50,50,95,0.2879519462585449,0,0.0,m,l,50,50,4,extreme,2500,223,30,50
m-l_50_50_extreme_5_,50,50,130,0.6333258152008057,0,0.0,m,l,50,50,5,extreme,2500,273,39,50
m-m_50_50_extreme_1_,50,50,154,0.45462489128112793,7,0.14,m,m,50,50,1,extreme,2500,298,38,42
m-m_50_50_extreme_2_,50,50,125,0.292590856552124,4,0.08,m,m,50,50,2,extreme,2500,250,35,22
m-m_50_50_extreme_3_,50,50,141,0.41703009605407715,2,0.04,m,m,50,50,3,extreme,2500,272,38,29
m-m_50_50_extreme_4_,50,50,134,0.32303380966186523,2,0.04,m,m,50,50,4,extreme,2500,250,22,35
m-m_50_50_extreme_5_,50,50,165,0.4842948913574219,6,0.12,m,m,50,50,5,extreme,2500,298,42,38
m-u_50_50_extreme_1_,50,50,52,0.0868070125579834,35,0.7,m,u,50,50,1,extreme,2500,143,50,14
m-u_50_50_extreme_2_,50,50,79,0.1393589973449707,37,0.74,m,u,50,50,2,extreme,2500,185,50,13
m-u_50_50_extreme_3_,50,50,53,0.08510279655456543,37,0.74,m,u,50,50,3,extreme,2500,186,50,13
m-u_50_50_extreme_4_,50,50,51,0.08724308013916016,37,0.74,m,u,50,50,4,extreme,2500,170,50,12
m-u_50_50_extreme_5_,50,50,85,0.1394951343536377,39,0.78,m,u,50,50,5,extreme,2500,235,50,11
u-l_50_50_extreme_1_,50,50,78,0.3550679683685303,0,0.0,u,l,50,50,1,extreme,2500,245,16,50
u-l_50_50_extreme_2_,50,50,55,0.15784120559692383,0,0.0,u,l,50,50,2,extreme,2500,177,14,50
u-l_50_50_extreme_3_,50,50,53,0.1643199920654297,0,0.0,u,l,50,50,3,extreme,2500,203,11,50
u-l_50_50_extreme_4_,50,50,57,0.1861419677734375,0,0.0,u,l,50,50,4,extreme,2500,189,13,50
u-l_50_50_extreme_5_,50,50,54,0.16042590141296387,0,0.0,u,l,50,50,5,extreme,2500,164,18,50
u-m_50_50_extreme_1_,50,50,46,0.0966038703918457,0,0.0,u,m,50,50,1,extreme,2500,235,11,50
u-m_50_50_extreme_2_,50,50,23,0.03441214561462402,0,0.0,u,m,50,50,2,extreme,2500,170,12,50
u-m_50_50_extreme_3_,50,50,23,0.033315181732177734,0,0.0,u,m,50,50,3,extreme,2500,186,13,50
u-m_50_50_extreme_4_,50,50,33,0.06075167655944824,0,0.0,u,m,50,50,4,extreme,2500,185,13,50
u-m_50_50_extreme_5_,50,50,18,0.02654123306274414,0,0.0,u,m,50,50,5,extreme,2500,143,14,50
u-u_50_50_extreme_1_,50,50,89,0.16390681266784668,0,0.0,u,u,50,50,1,extreme,2500,203,50,50
u-u_50_50_extreme_2_,50,50,87,0.1446380615234375,0,0.0,u,u,50,50,2,extreme,2500,227,43,50
u-u_50_50_extreme_3_,50,50,95,0.17434906959533691,0,0.0,u,u,50,50,3,extreme,2500,192,20,41
u-u_50_50_extreme_4_,50,50,113,0.20068693161010742,6,0.12,u,u,50,50,4,extreme,2500,227,50,43
u-u_50_50_extreme_5_,50,50,58,0.07557415962219238,0,0.0,u,u,50,50,5,extreme,2500,203,50,50
l-l_100_100_extreme_1_,100,100,481,13.273447275161743,0,0.0,l,l,100,100,1,extreme,10000,927,100,100
l-l_100_100_extreme_2_,100,100,448,11.189218044281006,0,0.0,l,l,100,100,2,extreme,10000,866,100,100
l-l_100_100_extreme_3_,100,100,318,6.80969500541687,0,0.0,l,l,100,100,3,extreme,10000,657,100,100
l-l_100_100_extreme_4_,100,100,460,11.480093955993652,0,0.0,l,l,100,100,4,extreme,10000,866,100,100
l-l_100_100_extreme_5_,100,100,448,12.600728988647461,0,0.0,l,l,100,100,5,extreme,10000,927,100,100
l-m_100_100_extreme_1_,100,100,239,2.677522897720337,3,0.03,l,m,100,100,1,extreme,10000,555,100,62
l-m_100_100_extreme_2_,100,100,261,2.9005041122436523,1,0.01,l,m,100,100,2,extreme,10000,558,100,64
l-m_100_100_extreme_3_,100,100,201,1.351149082183838,2,0.02,l,m,100,100,3,extreme,10000,533,100,61
l-m_100_100_extreme_4_,100,100,152,1.3843369483947754,1,0.01,l,m,100,100,4,extreme,10000,500,100,80
l-m_100_100_extreme_5_,100,100,223,2.4434711933135986,4,0.04,l,m,100,100,5,extreme,10000,594,100,65
l-u_100_100_extreme_1_,100,100,121,0.8524270057678223,66,0.66,l,u,100,100,1,extreme,10000,325,100,15
l-u_100_100_extreme_2_,100,100,152,0.9991638660430908,78,0.78,l,u,100,100,2,extreme,10000,237,100,13
l-u_100_100_extreme_3_,100,100,149,0.9956841468811035,68,0.68,l,u,100,100,3,extreme,10000,300,100,11
l-u_100_100_extreme_4_,100,100,213,1.545759916305542,90,0.9,l,u,100,100,4,extreme,10000,266,100,7
l-u_100_100_extreme_5_,100,100,238,1.661362886428833,89,0.89,l,u,100,100,5,extreme,10000,273,100,11
m-l_100_100_extreme_1_,100,100,232,3.909290313720703,0,0.0,m,l,100,100,1,extreme,10000,594,65,100
m-l_100_100_extreme_2_,100,100,299,4.677896022796631,0,0.0,m,l,100,100,2,extreme,10000,500,80,100
m-l_100_100_extreme_3_,100,100,169,2.493968963623047,0,0.0,m,l,100,100,3,extreme,10000,533,61,100
m-l_100_100_extreme_4_,100,100,237,4.277285814285278,0,0.0,m,l,100,100,4,extreme,10000,558,64,100
m-l_100_100_extreme_5_,100,100,219,3.568385124206543,0,0.0,m,l,100,100,5,extreme,10000,555,62,100
m-m_100_100_extreme_1_,100,100,374,3.9295990467071533,23,0.23,m,m,100,100,1,extreme,10000,673,64,61
m-m_100_100_extreme_2_,100,100,433,4.980717182159424,9,0.09,m,m,100,100,2,extreme,10000,735,59,65
m-m_100_100_extreme_3_,100,100,373,3.6882312297821045,7,0.07,m,m,100,100,3,extreme,10000,565,54,52
m-m_100_100_extreme_4_,100,100,355,4.748112916946411,12,0.12,m,m,100,100,4,extreme,10000,735,65,59
m-m_100_100_extreme_5_,100,100,291,3.216461181640625,11,0.11,m,m,100,100,5,extreme,10000,673,61,64
m-u_100_100_extreme_1_,100,100,103,0.6940550804138184,76,0.76,m,u,100,100,1,extreme,10000,320,100,18
m-u_100_100_extreme_2_,100,100,101,0.6880459785461426,80,0.8,m,u,100,100,2,extreme,10000,232,100,18
m-u_100_100_extreme_3_,100,100,102,0.6730797290802002,78,0.78,m,u,100,100,3,extreme,10000,288,100,21
m-u_100_100_extreme_4_,100,100,101,0.6677439212799072,81,0.81,m,u,100,100,4,extreme,10000,281,100,14
m-u_100_100_extreme_5_,100,100,102,0.6662311553955078,74,0.74,m,u,100,100,5,extreme,10000,282,100,26
u-l_100_100_extreme_1_,100,100,84,0.8112139701843262,0,0.0,u,l,100,100,1,extreme,10000,273,11,100
u-l_100_100_extreme_2_,100,100,86,0.7682721614837646,0,0.0,u,l,100,100,2,extreme,10000,266,7,100
u-l_100_100_extreme_3_,100,100,99,0.9991910457611084,0,0.0,u,l,100,100,3,extreme,10000,300,11,100
u-l_100_100_extreme_4_,100,100,85,0.6275069713592529,0,0.0,u,l,100,100,4,extreme,10000,237,13,100
u-l_100_100_extreme_5_,100,100,107,1.0865719318389893,0,0.0,u,l,100,100,5,extreme,10000,325,15,100
u-m_100_100_extreme_1_,100,100,39,0.24381208419799805,0,0.0,u,m,100,100,1,extreme,10000,282,26,100
u-m_100_100_extreme_2_,100,100,34,0.14808201789855957,0,0.0,u,m,100,100,2,extreme,10000,281,14,100
u-m_100_100_extreme_3_,100,100,27,0.1181647777557373,0,0.0,u,m,100,100,3,extreme,10000,288,21,100
u-m_100_100_extreme_4_,100,100,17,0.06834292411804199,0,0.0,u,m,100,100,4,extreme,10000,232,18,100
u-m_100_100_extreme_5_,100,100,37,0.20374178886413574,0,0.0,u,m,100,100,5,extreme,10000,320,18,100
u-u_100_100_extreme_1_,100,100,73,0.43956613540649414,0,0.0,u,u,100,100,1,extreme,10000,305,56,100
u-u_100_100_extreme_2_,100,100,144,0.9607977867126465,0,0.0,u,u,100,100,2,extreme,10000,337,100,100
u-u_100_100_extreme_3_,100,100,174,1.245999813079834,0,0.0,u,u,100,100,3,extreme,10000,302,26,82
u-u_100_100_extreme_4_,100,100,120,0.8531911373138428,0,0.0,u,u,100,100,4,extreme,10000,337,100,100
u-u_100_100_extreme_5_,100,100,149,1.018052101135254,44,0.44,u,u,100,100,5,extreme,10000,305,100,56
l-l_150_150_extreme_1_,150,150,761,45.41988396644592,0,0.0,l,l,150,150,1,extreme,22500,1487,150,150
l-l_150_150_extreme_2_,150,150,705,41.42018413543701,1,0.006666666666666667,l,l,150,150,2,extreme,22500,1527,150,149
l-l_150_150_extreme_3_,150,150,552,28.277007818222046,0,0.0,l,l,150,150,3,extreme,22500,1064,148,148
l-l_150_150_extreme_4_,150,150,734,44.85254907608032,0,0.0,l,l,150,150,4,extreme,22500,1527,149,150
l-l_150_150_extreme_5_,150,150,761,47.57983994483948,0,0.0,l,l,150,150,5,extreme,22500,1487,150,150
l-m_150_150_extreme_1_,150,150,363,8.551702976226807,0,0.0,l,m,150,150,1,extreme,22500,866,150,89
l-m_150_150_extreme_2_,150,150,237,4.4090917110443115,0,0.0,l,m,150,150,2,extreme,22500,791,150,85
l-m_150_150_extreme_3_,150,150,301,5.477629899978638,1,0.006666666666666667,l,m,150,150,3,extreme,22500,935,150,81
l-m_150_150_extreme_4_,150,150,281,5.573132038116455,2,0.013333333333333334,l,m,150,150,4,extreme,22500,1035,150,84
l-m_150_150_extreme_5_,150,150,190,4.109748125076294,1,0.006666666666666667,l,m,150,150,5,extreme,22500,927,150,85
l-u_150_150_extreme_1_,150,150,402,6.54533314704895,146,0.9733333333333334,l,u,150,150,1,extreme,22500,313,150,4
l-u_150_150_extreme_2_,150,150,311,5.04102087020874,120,0.8,l,u,150,150,2,extreme,22500,367,150,10
l-u_150_150_extreme_3_,150,150,293,4.728847980499268,141,0.94,l,u,150,150,3,extreme,22500,362,150,9
l-u_150_150_extreme_4_,150,150,300,4.967367887496948,136,0.9066666666666666,l,u,150,150,4,extreme,22500,423,150,14
l-u_150_150_extreme_5_,150,150,448,7.184205055236816,137,0.9133333333333333,l,u,150,150,5,extreme,22500,439,150,13
m-l_150_150_extreme_1_,150,150,344,12.727329015731812,0,0.0,m,l,150,150,1,extreme,22500,927,85,150
m-l_150_150_extreme_2_,150,150,265,10.85319709777832,0,0.0,m,l,150,150,2,extreme,22500,1035,84,150
m-l_150_150_extreme_3_,150,150,235,8.78125810623169,0,0.0,m,l,150,150,3,extreme,22500,935,81,150
m-l_150_150_extreme_4_,150,150,294,9.32312297821045,0,0.0,m,l,150,150,4,extreme,22500,791,85,150
m-l_150_150_extreme_5_,150,150,297,11.406984090805054,0,0.0,m,l,150,150,5,extreme,22500,866,89,150
m-m_150_150_extreme_1_,150,150,561,12.645221948623657,8,0.05333333333333334,m,m,150,150,1,extreme,22500,1248,76,81
m-m_150_150_extreme_2_,150,150,546,13.72336220741272,22,0.14666666666666667,m,m,150,150,2,extreme,22500,1258,87,78
m-m_150_150_extreme_3_,150,150,558,14.354900121688843,10,0.06666666666666667,m,m,150,150,3,extreme,22500,1084,79,65
m-m_150_150_extreme_4_,150,150,592,13.36502194404602,15,0.1,m,m,150,150,4,extreme,22500,1258,78,87
m-m_150_150_extreme_5_,150,150,429,10.776302099227905,5,0.03333333333333333,m,m,150,150,5,extreme,22500,1248,81,76
m-u_150_150_extreme_1_,150,150,151,2.3901069164276123,122,0.8133333333333334,m,u,150,150,1,extreme,22500,335,150,24
m-u_150_150_extreme_2_,150,150,152,2.342654228210449,104,0.6933333333333334,m,u,150,150,2,extreme,22500,378,150,36
m-u_150_150_extreme_3_,150,150,151,2.3240020275115967,112,0.7466666666666667,m,u,150,150,3,extreme,22500,364,150,29
m-u_150_150_extreme_4_,150,150,173,2.5818092823028564,110,0.7333333333333333,m,u,150,150,4,extreme,22500,439,150,32
m-u_150_150_extreme_5_,150,150,151,2.270430088043213,108,0.72,m,u,150,150,5,extreme,22500,411,150,39
u-l_150_150_extreme_1_,150,150,125,2.5117321014404297,0,0.0,u,l,150,150,1,extreme,22500,439,13,150
u-l_150_150_extreme_2_,150,150,127,2.3940470218658447,0,0.0,u,l,150,150,2,extreme,22500,423,14,150
u-l_150_150_extreme_3_,150,150,114,1.7544620037078857,0,0.0,u,l,150,150,3,extreme,22500,362,9,150
u-l_150_150_extreme_4_,150,150,109,1.7149360179901123,0,0.0,u,l,150,150,4,extreme,22500,367,10,150
u-l_150_150_extreme_5_,150,150,112,1.4697542190551758,0,0.0,u,l,150,150,5,extreme,22500,313,4,150
u-m_150_150_extreme_1_,150,150,107,1.563899040222168,0,0.0,u,m,150,150,1,extreme,22500,411,39,150
u-m_150_150_extreme_2_,150,150,49,0.5933272838592529,0,0.0,u,m,150,150,2,extreme,22500,439,32,150
u-m_150_150_extreme_3_,150,150,26,0.2540581226348877,0,0.0,u,m,150,150,3,extreme,22500,364,29,150
u-m_150_150_extreme_4_,150,150,54,0.613131046295166,0,0.0,u,m,150,150,4,extreme,22500,378,36,150
u-m_150_150_extreme_5_,150,150,104,1.425034999847412,0,0.0,u,m,150,150,5,extreme,22500,335,24,150
u-u_150_150_extreme_1_,150,150,251,4.093423843383789,78,0.52,u,u,150,150,1,extreme,22500,388,150,71
u-u_150_150_extreme_2_,150,150,165,2.5184249877929688,0,0.0,u,u,150,150,2,extreme,22500,504,89,150
u-u_150_150_extreme_3_,150,150,211,3.383002758026123,0,0.0,u,u,150,150,3,extreme,22500,371,94,59
u-u_150_150_extreme_4_,150,150,209,3.268673896789551,56,0.37333333333333335,u,u,150,150,4,extreme,22500,504,150,89
u-u_150_150_extreme_5_,150,150,138,2.083498001098633,0,0.0,u,u,150,150,5,extreme,22500,388,71,150
l-l_200_200_extreme_1_,200,200,947,98.50465369224548,0,0.0,l,l,200,200,1,extreme,40000,2136,200,200
l-l_200_200_extreme_2_,200,200,957,106.20948505401611,0,0.0,l,l,200,200,2,extreme,40000,2100,199,200
l-l_200_200_extreme_3_,200,200,759,67.88878393173218,0,0.0,l,l,200,200,3,extreme,40000,1495,199,197
l-l_200_200_extreme_4_,200,200,1022,109.34029388427734,1,0.005,l,l,200,200,4,extreme,40000,2100,200,199
l-l_200_200_extreme_5_,200,200,944,100.05034804344177,0,0.0,l,l,200,200,5,extreme,40000,2136,200,200
l-m_200_200_extreme_1_,200,200,424,17.619932889938354,1,0.005,l,m,200,200,1,extreme,40000,1485,200,119
l-m_200_200_extreme_2_,200,200,411,15.423641920089722,0,0.0,l,m,200,200,2,extreme,40000,1014,200,113
l-m_200_200_extreme_3_,200,200,345,11.342607021331787,2,0.01,l,m,200,200,3,extreme,40000,1196,200,120
l-m_200_200_extreme_4_,200,200,335,12.123236894607544,5,0.025,l,m,200,200,4,extreme,40000,998,200,123
l-m_200_200_extreme_5_,200,200,400,13.301315784454346,3,0.015,l,m,200,200,5,extreme,40000,1077,200,113
l-u_200_200_extreme_1_,200,200,387,11.520083904266357,187,0.935,l,u,200,200,1,extreme,40000,503,200,7
l-u_200_200_extreme_2_,200,200,513,14.321259021759033,191,0.955,l,u,200,200,2,extreme,40000,524,200,6
l-u_200_200_extreme_3_,200,200,310,8.722980976104736,193,0.965,l,u,200,200,3,extreme,40000,473,200,5
l-u_200_200_extreme_4_,200,200,301,8.452187776565552,175,0.875,l,u,200,200,4,extreme,40000,570,200,17
l-u_200_200_extreme_5_,200,200,256,7.4694318771362305,178,0.89,l,u,200,200,5,extreme,40000,600,200,13
m-l_200_200_extreme_1_,200,200,285,14.964065074920654,0,0.0,m,l,200,200,1,extreme,40000,1077,113,200
m-l_200_200_extreme_2_,200,200,309,15.737405061721802,0,0.0,m,l,200,200,2,extreme,40000,998,123,200
m-l_200_200_extreme_3_,200,200,419,25.246670961380005,0,0.0,m,l,200,200,3,extreme,40000,1196,120,200
m-l_200_200_extreme_4_,200,200,310,16.865532159805298,0,0.0,m,l,200,200,4,extreme,40000,1014,113,200
m-l_200_200_extreme_5_,200,200,606,47.39553427696228,0,0.0,m,l,200,200,5,extreme,40000,1485,119,200
m-m_200_200_extreme_1_,200,200,782,30.282243967056274,16,0.08,m,m,200,200,1,extreme,40000,1909,90,99
m-m_200_200_extreme_2_,200,200,790,35.59275484085083,27,0.135,m,m,200,200,2,extreme,40000,1743,101,88
m-m_200_200_extreme_3_,200,200,672,30.35190486907959,18,0.09,m,m,200,200,3,extreme,40000,1576,94,93
m-m_200_200_extreme_4_,200,200,624,25.76181721687317,10,0.05,m,m,200,200,4,extreme,40000,1743,88,101
m-m_200_200_extreme_5_,200,200,744,34.45758080482483,16,0.08,m,m,200,200,5,extreme,40000,1909,99,90
m-u_200_200_extreme_1_,200,200,290,8.025245904922485,150,0.75,m,u,200,200,1,extreme,40000,498,200,40
m-u_200_200_extreme_2_,200,200,201,5.550755977630615,154,0.77,m,u,200,200,2,extreme,40000,568,200,41
m-u_200_200_extreme_3_,200,200,201,5.600663185119629,152,0.76,m,u,200,200,3,extreme,40000,498,200,37
m-u_200_200_extreme_4_,200,200,365,9.909271955490112,137,0.685,m,u,200,200,4,extreme,40000,554,200,52
m-u_200_200_extreme_5_,200,200,200,5.337410926818848,146,0.73,m,u,200,200,5,extreme,40000,639,200,44
u-l_200_200_extreme_1_,200,200,143,5.207864761352539,0,0.0,u,l,200,200,1,extreme,40000,600,13,200
u-l_200_200_extreme_2_,200,200,145,4.360095024108887,0,0.0,u,l,200,200,2,extreme,40000,570,17,200
u-l_200_200_extreme_3_,200,200,129,3.56536602973938,0,0.0,u,l,200,200,3,extreme,40000,473,5,200
u-l_200_200_extreme_4_,200,200,135,4.117488145828247,0,0.0,u,l,200,200,4,extreme,40000,524,6,200
u-l_200_200_extreme_5_,200,200,143,3.890939950942993,0,0.0,u,l,200,200,5,extreme,40000,503,7,200
u-m_200_200_extreme_1_,200,200,67,1.6026558876037598,0,0.0,u,m,200,200,1,extreme,40000,639,44,200
u-m_200_200_extreme_2_,200,200,69,1.4307832717895508,0,0.0,u,m,200,200,2,extreme,40000,554,52,200
u-m_200_200_extreme_3_,200,200,44,0.7278130054473877,0,0.0,u,m,200,200,3,extreme,40000,498,37,200
u-m_200_200_extreme_4_,200,200,76,1.458319902420044,0,0.0,u,m,200,200,4,extreme,40000,568,41,200
u-m_200_200_extreme_5_,200,200,50,0.8949050903320312,0,0.0,u,m,200,200,5,extreme,40000,498,40,200
u-u_200_200_extreme_1_,200,200,201,5.624567031860352,0,0.0,u,u,200,200,1,extreme,40000,712,199,200
u-u_200_200_extreme_2_,200,200,215,5.504028081893921,0,0.0,u,u,200,200,2,extreme,40000,521,200,200
u-u_200_200_extreme_3_,200,200,264,7.237567901611328,0,0.0,u,u,200,200,3,extreme,40000,468,95,109
u-u_200_200_extreme_4_,200,200,188,5.38266396522522,0,0.0,u,u,200,200,4,extreme,40000,521,200,200
u-u_200_200_extreme_5_,200,200,261,7.340289115905762,0,0.0,u,u,200,200,5,extreme,40000,712,200,199
l-l_300_300_extreme_1_,300,300,1493,360.9151701927185,0,0.0,l,l,300,300,1,extreme,90000,3357,300,300
l-l_300_300_extreme_2_,300,300,1426,321.5082290172577,0,0.0,l,l,300,300,2,extreme,90000,3308,300,300
l-l_300_300_extreme_3_,300,300,1246,261.02404499053955,0,0.0,l,l,300,300,3,extreme,90000,2426,293,286
l-l_300_300_extreme_4_,300,300,1412,340.9897949695587,0,0.0,l,l,300,300,4,extreme,90000,3308,300,300
l-l_300_300_extreme_5_,300,300,1457,348.0209012031555,0,0.0,l,l,300,300,5,extreme,90000,3357,300,300
l-m_300_300_extreme_1_,300,300,466,32.92969489097595,0,0.0,l,m,300,300,1,extreme,90000,1867,300,153
l-m_300_300_extreme_2_,300,300,589,41.2383189201355,2,0.006666666666666667,l,m,300,300,2,extreme,90000,1922,300,156
l-m_300_300_extreme_3_,300,300,739,49.3911919593811,5,0.016666666666666666,l,m,300,300,3,extreme,90000,1563,300,152
l-m_300_300_extreme_4_,300,300,570,39.13516688346863,1,0.0033333333333333335,l,m,300,300,4,extreme,90000,1773,300,157
l-m_300_300_extreme_5_,300,300,523,43.3109450340271,3,0.01,l,m,300,300,5,extreme,90000,1728,300,166
l-u_300_300_extreme_1_,300,300,466,28.805558681488037,293,0.9766666666666667,l,u,300,300,1,extreme,90000,648,300,5
l-u_300_300_extreme_2_,300,300,649,41.873971939086914,293,0.9766666666666667,l,u,300,300,2,extreme,90000,659,300,6
l-u_300_300_extreme_3_,300,300,317,21.547434091567993,249,0.83,l,u,300,300,3,extreme,90000,617,300,9
l-u_300_300_extreme_4_,300,300,404,27.25465178489685,284,0.9466666666666667,l,u,300,300,4,extreme,90000,638,300,7
l-u_300_300_extreme_5_,300,300,434,30.428035974502563,296,0.9866666666666667,l,u,300,300,5,extreme,90000,620,300,4
m-l_300_300_extreme_1_,300,300,539,70.45309495925903,0,0.0,m,l,300,300,1,extreme,90000,1728,166,300
m-l_300_300_extreme_2_,300,300,493,67.47450280189514,0,0.0,m,l,300,300,2,extreme,90000,1773,157,300
m-l_300_300_extreme_3_,300,300,448,54.13718509674072,0,0.0,m,l,300,300,3,extreme,90000,1563,152,300
m-l_300_300_extreme_4_,300,300,510,71.32404398918152,0,0.0,m,l,300,300,4,extreme,90000,1922,156,300
m-l_300_300_extreme_5_,300,300,513,66.29935383796692,0,0.0,m,l,300,300,5,extreme,90000,1867,153,300
m-m_300_300_extreme_1_,300,300,772,63.76550912857056,9,0.03,m,m,300,300,1,extreme,90000,2955,136,136
m-m_300_300_extreme_2_,300,300,1161,101.99179577827454,26,0.08666666666666667,m,m,300,300,2,extreme,90000,2898,128,135
m-m_300_300_extreme_3_,300,300,970,65.19925308227539,5,0.016666666666666666,m,m,300,300,3,extreme,90000,2267,94,137
m-m_300_300_extreme_4_,300,300,1098,106.21070623397827,32,0.10666666666666667,m,m,300,300,4,extreme,90000,2898,135,128
m-m_300_300_extreme_5_,300,300,1115,110.14895105361938,37,0.12333333333333334,m,m,300,300,5,extreme,90000,2955,136,136
m-u_300_300_extreme_1_,300,300,303,18.737210988998413,222,0.74,m,u,300,300,1,extreme,90000,672,300,62
m-u_300_300_extreme_2_,300,300,301,18.62234115600586,232,0.7733333333333333,m,u,300,300,2,extreme,90000,673,300,51
m-u_300_300_extreme_3_,300,300,414,25.870656967163086,218,0.7266666666666667,m,u,300,300,3,extreme,90000,683,300,67
m-u_300_300_extreme_4_,300,300,301,18.699463844299316,215,0.7166666666666667,m,u,300,300,4,extreme,90000,676,300,65
m-u_300_300_extreme_5_,300,300,301,18.638671875,231,0.77,m,u,300,300,5,extreme,90000,660,300,57
u-l_300_300_extreme_1_,300,300,156,6.080743074417114,0,0.0,u,l,300,300,1,extreme,90000,620,4,300
u-l_300_300_extreme_2_,300,300,142,5.685554265975952,0,0.0,u,l,300,300,2,extreme,90000,638,7,300
u-l_300_300_extreme_3_,300,300,156,5.759677886962891,0,0.0,u,l,300,300,3,extreme,90000,617,9,300
u-l_300_300_extreme_4_,300,300,159,7.281965732574463,0,0.0,u,l,300,300,4,extreme,90000,659,6,300
u-l_300_300_extreme_5_,300,300,158,6.910227060317993,0,0.0,u,l,300,300,5,extreme,90000,648,5,300
u-m_300_300_extreme_1_,300,300,69,2.3876750469207764,0,0.0,u,m,300,300,1,extreme,90000,660,57,300
u-m_300_300_extreme_2_,300,300,95,4.4094078540802,0,0.0,u,m,300,300,2,extreme,90000,676,65,300
u-m_300_300_extreme_3_,300,300,108,5.013720989227295,0,0.0,u,m,300,300,3,extreme,90000,683,67,300
u-m_300_300_extreme_4_,300,300,75,2.9265170097351074,0,0.0,u,m,300,300,4,extreme,90000,673,51,300
u-m_300_300_extreme_5_,300,300,73,3.234307050704956,0,0.0,u,m,300,300,5,extreme,90000,672,62,300
u-u_300_300_extreme_1_,300,300,299,18.904531955718994,0,0.0,u,u,300,300,1,extreme,90000,816,300,300
u-u_300_300_extreme_2_,300,300,296,17.47819685935974,0,0.0,u,u,300,300,2,extreme,90000,732,300,300
u-u_300_300_extreme_3_,300,300,308,19.63857388496399,0,0.0,u,u,300,300,3,extreme,90000,612,53,250
u-u_300_300_extreme_4_,300,300,299,19.71583914756775,0,0.0,u,u,300,300,4,extreme,90000,732,300,300
u-u_300_300_extreme_5_,300,300,297,18.5593478679657,0,0.0,u,u,300,300,5,extreme,90000,816,300,300
l-l_600_600_extreme_1_,600,600,2407,1795.5664241313934,2,0.0033333333333333335,l,l,600,600,1,extreme,360000,6705,594,595
l-l_600_600_extreme_2_,600,600,2508,1996.6350209712982,3,0.005,l,l,600,600,2,extreme,360000,6674,590,590
l-l_600_600_extreme_3_,600,600,2325,1753.3604171276093,0,0.0,l,l,600,600,3,extreme,360000,5108,542,547
l-l_600_600_extreme_4_,600,600,2396,1823.2048208713531,1,0.0016666666666666668,l,l,600,600,4,extreme,360000,6674,590,590
l-l_600_600_extreme_5_,600,600,2355,1927.6658482551575,1,0.0016666666666666668,l,l,600,600,5,extreme,360000,6705,595,594
l-m_600_600_extreme_1_,600,600,1116,376.9668159484863,0,0.0,l,m,600,600,1,extreme,360000,4161,598,260
l-m_600_600_extreme_2_,600,600,1291,419.85248732566833,0,0.0,l,m,600,600,2,extreme,360000,3667,600,287
l-m_600_600_extreme_3_,600,600,1132,370.8921060562134,1,0.0016666666666666668,l,m,600,600,3,extreme,360000,3613,600,278
l-m_600_600_extreme_4_,600,600,1324,460.8963887691498,1,0.0016666666666666668,l,m,600,600,4,extreme,360000,4054,600,238
l-m_600_600_extreme_5_,600,600,1065,393.05758690834045,6,0.01,l,m,600,600,5,extreme,360000,3469,598,233
l-u_600_600_extreme_1_,600,600,645,165.9382951259613,596,0.9933333333333333,l,u,600,600,1,extreme,360000,1214,600,4
l-u_600_600_extreme_2_,600,600,645,166.391343832016,597,0.995,l,u,600,600,2,extreme,360000,1202,600,3
l-u_600_600_extreme_3_,600,600,699,177.92160511016846,592,0.9866666666666667,l,u,600,600,3,extreme,360000,1215,600,5
l-u_600_600_extreme_4_,600,600,652,170.57725286483765,564,0.94,l,u,600,600,4,extreme,360000,1230,600,5
l-u_600_600_extreme_5_,600,600,616,159.35579109191895,575,0.9583333333333334,l,u,600,600,5,extreme,360000,1209,600,4
m-l_600_600_extreme_1_,600,600,873,346.84540915489197,1,0.0016666666666666668,m,l,600,600,1,extreme,360000,3469,233,598
m-l_600_600_extreme_2_,600,600,938,415.089280128479,0,0.0,m,l,600,600,2,extreme,360000,4054,238,600
m-l_600_600_extreme_3_,600,600,1012,461.76558780670166,0,0.0,m,l,600,600,3,extreme,360000,3613,278,600
m-l_600_600_extreme_4_,600,600,760,292.57095408439636,0,0.0,m,l,600,600,4,extreme,360000,3667,287,600
m-l_600_600_extreme_5_,600,600,1276,666.3440310955048,0,0.0,m,l,600,600,5,extreme,360000,4161,260,598
