prefix,Y1_size,Y2_size,U,U_time,dominated_points,dominated_relative_Y2,t1,t2,s1,s2,seed,ub_level,Y_size,Yn_size
l-l_10_10_lexmin_1_,10,10,18,0.002110004425048828,0,0.0,l,l,10,10,1,lexmin,100,43
l-l_10_10_lexmin_2_,10,10,7,0.0007338523864746094,0,0.0,l,l,10,10,2,lexmin,100,42
l-l_10_10_lexmin_3_,10,10,18,0.001837015151977539,0,0.0,l,l,10,10,3,lexmin,100,28
l-l_10_10_lexmin_4_,10,10,10,0.0010230541229248047,0,0.0,l,l,10,10,4,lexmin,100,42
l-l_10_10_lexmin_5_,10,10,7,0.0006151199340820312,0,0.0,l,l,10,10,5,lexmin,100,43
l-m_10_10_lexmin_1_,10,10,16,0.0017611980438232422,0,0.0,l,m,10,10,1,lexmin,100,53
l-m_10_10_lexmin_2_,10,10,7,0.0006611347198486328,0,0.0,l,m,10,10,2,lexmin,100,38
l-m_10_10_lexmin_3_,10,10,9,0.0008218288421630859,0,0.0,l,m,10,10,3,lexmin,100,36
l-m_10_10_lexmin_4_,10,10,15,0.0015459060668945312,0,0.0,l,m,10,10,4,lexmin,100,36
l-m_10_10_lexmin_5_,10,10,9,0.000827789306640625,0,0.0,l,m,10,10,5,lexmin,100,34
l-u_10_10_lexmin_1_,10,10,19,0.001917123794555664,1,0.1,l,u,10,10,1,lexmin,100,46
l-u_10_10_lexmin_2_,10,10,12,0.0011038780212402344,2,0.2,l,u,10,10,2,lexmin,100,27
l-u_10_10_lexmin_3_,10,10,11,0.0009698867797851562,0,0.0,l,u,10,10,3,lexmin,100,39
l-u_10_10_lexmin_4_,10,10,16,0.001615762710571289,6,0.6,l,u,10,10,4,lexmin,100,21
l-u_10_10_lexmin_5_,10,10,5,0.00039505958557128906,0,0.0,l,u,10,10,5,lexmin,100,32
m-l_10_10_lexmin_1_,10,10,18,0.0018298625946044922,0,0.0,m,l,10,10,1,lexmin,100,34
m-l_10_10_lexmin_2_,10,10,15,0.001378774642944336,0,0.0,m,l,10,10,2,lexmin,100,36
m-l_10_10_lexmin_3_,10,10,17,0.0017080307006835938,0,0.0,m,l,10,10,3,lexmin,100,36
m-l_10_10_lexmin_4_,10,10,16,0.0014729499816894531,0,0.0,m,l,10,10,4,lexmin,100,38
m-l_10_10_lexmin_5_,10,10,24,0.002454042434692383,0,0.0,m,l,10,10,5,lexmin,100,53
m-m_10_10_lexmin_1_,10,10,18,0.0018110275268554688,0,0.0,m,m,10,10,1,lexmin,100,34
m-m_10_10_lexmin_2_,10,10,15,0.0014309883117675781,0,0.0,m,m,10,10,2,lexmin,100,34
m-m_10_10_lexmin_3_,10,10,13,0.0012650489807128906,0,0.0,m,m,10,10,3,lexmin,100,29
m-m_10_10_lexmin_4_,10,10,18,0.0018382072448730469,0,0.0,m,m,10,10,4,lexmin,100,34
m-m_10_10_lexmin_5_,10,10,17,0.0016720294952392578,0,0.0,m,m,10,10,5,lexmin,100,34
m-u_10_10_lexmin_1_,10,10,16,0.0015668869018554688,4,0.4,m,u,10,10,1,lexmin,100,36
m-u_10_10_lexmin_2_,10,10,17,0.0017249584197998047,3,0.3,m,u,10,10,2,lexmin,100,26
m-u_10_10_lexmin_3_,10,10,16,0.0014848709106445312,1,0.1,m,u,10,10,3,lexmin,100,39
m-u_10_10_lexmin_4_,10,10,13,0.001180887222290039,0,0.0,m,u,10,10,4,lexmin,100,27
m-u_10_10_lexmin_5_,10,10,19,0.0017809867858886719,5,0.5,m,u,10,10,5,lexmin,100,32
u-l_10_10_lexmin_1_,10,10,15,0.0015358924865722656,0,0.0,u,l,10,10,1,lexmin,100,32
u-l_10_10_lexmin_2_,10,10,10,0.0010297298431396484,0,0.0,u,l,10,10,2,lexmin,100,21
u-l_10_10_lexmin_3_,10,10,20,0.0020339488983154297,0,0.0,u,l,10,10,3,lexmin,100,39
u-l_10_10_lexmin_4_,10,10,7,0.0005838871002197266,0,0.0,u,l,10,10,4,lexmin,100,27
u-l_10_10_lexmin_5_,10,10,16,0.0016770362854003906,0,0.0,u,l,10,10,5,lexmin,100,46
u-m_10_10_lexmin_1_,10,10,8,0.0007069110870361328,0,0.0,u,m,10,10,1,lexmin,100,32
u-m_10_10_lexmin_2_,10,10,10,0.0010120868682861328,0,0.0,u,m,10,10,2,lexmin,100,27
u-m_10_10_lexmin_3_,10,10,16,0.0017447471618652344,0,0.0,u,m,10,10,3,lexmin,100,39
u-m_10_10_lexmin_4_,10,10,8,0.0007550716400146484,0,0.0,u,m,10,10,4,lexmin,100,26
u-m_10_10_lexmin_5_,10,10,7,0.000640869140625,0,0.0,u,m,10,10,5,lexmin,100,36
u-u_10_10_lexmin_1_,10,10,15,0.0015707015991210938,4,0.4,u,u,10,10,1,lexmin,100,38
u-u_10_10_lexmin_2_,10,10,11,0.0011608600616455078,0,0.0,u,u,10,10,2,lexmin,100,30
u-u_10_10_lexmin_3_,10,10,11,0.0011169910430908203,0,0.0,u,u,10,10,3,lexmin,100,41
u-u_10_10_lexmin_4_,10,10,6,0.0005061626434326172,0,0.0,u,u,10,10,4,lexmin,100,30
u-u_10_10_lexmin_5_,10,10,7,0.0006411075592041016,0,0.0,u,u,10,10,5,lexmin,100,38
l-l_10_10_extreme_1_,10,10,18,0.0032761096954345703,0,0.0,l,l,10,10,1,extreme,100,43
l-l_10_10_extreme_2_,10,10,14,0.0027790069580078125,0,0.0,l,l,10,10,2,extreme,100,42
l-l_10_10_extreme_3_,10,10,11,0.0016040802001953125,0,0.0,l,l,10,10,3,extreme,100,28
l-l_10_10_extreme_4_,10,10,19,0.003328084945678711,0,0.0,l,l,10,10,4,extreme,100,42
l-l_10_10_extreme_5_,10,10,12,0.0024819374084472656,0,0.0,l,l,10,10,5,extreme,100,43
l-m_10_10_extreme_1_,10,10,15,0.001989126205444336,0,0.0,l,m,10,10,1,extreme,100,53
l-m_10_10_extreme_2_,10,10,12,0.0015649795532226562,0,0.0,l,m,10,10,2,extreme,100,38
l-m_10_10_extreme_3_,10,10,14,0.002315044403076172,0,0.0,l,m,10,10,3,extreme,100,36
l-m_10_10_extreme_4_,10,10,14,0.0014760494232177734,0,0.0,l,m,10,10,4,extreme,100,36
l-m_10_10_extreme_5_,10,10,12,0.0015039443969726562,0,0.0,l,m,10,10,5,extreme,100,34
l-u_10_10_extreme_1_,10,10,19,0.001950979232788086,1,0.1,l,u,10,10,1,extreme,100,46
l-u_10_10_extreme_2_,10,10,12,0.0010950565338134766,2,0.2,l,u,10,10,2,extreme,100,27
l-u_10_10_extreme_3_,10,10,11,0.0009768009185791016,0,0.0,l,u,10,10,3,extreme,100,39
l-u_10_10_extreme_4_,10,10,16,0.0015861988067626953,6,0.6,l,u,10,10,4,extreme,100,21
l-u_10_10_extreme_5_,10,10,5,0.0003981590270996094,0,0.0,l,u,10,10,5,extreme,100,32
m-l_10_10_extreme_1_,10,10,22,0.0033349990844726562,0,0.0,m,l,10,10,1,extreme,100,34
m-l_10_10_extreme_2_,10,10,17,0.0029740333557128906,0,0.0,m,l,10,10,2,extreme,100,36
m-l_10_10_extreme_3_,10,10,16,0.0026760101318359375,0,0.0,m,l,10,10,3,extreme,100,36
m-l_10_10_extreme_4_,10,10,26,0.004307985305786133,0,0.0,m,l,10,10,4,extreme,100,38
m-l_10_10_extreme_5_,10,10,21,0.004497051239013672,0,0.0,m,l,10,10,5,extreme,100,53
m-m_10_10_extreme_1_,10,10,17,0.0017867088317871094,0,0.0,m,m,10,10,1,extreme,100,34
m-m_10_10_extreme_2_,10,10,16,0.0017671585083007812,0,0.0,m,m,10,10,2,extreme,100,34
m-m_10_10_extreme_3_,10,10,17,0.002407073974609375,1,0.1,m,m,10,10,3,extreme,100,29
m-m_10_10_extreme_4_,10,10,12,0.001226186752319336,0,0.0,m,m,10,10,4,extreme,100,34
m-m_10_10_extreme_5_,10,10,12,0.001547098159790039,1,0.1,m,m,10,10,5,extreme,100,34
m-u_10_10_extreme_1_,10,10,16,0.0015821456909179688,4,0.4,m,u,10,10,1,extreme,100,36
m-u_10_10_extreme_2_,10,10,17,0.0016331672668457031,3,0.3,m,u,10,10,2,extreme,100,26
m-u_10_10_extreme_3_,10,10,16,0.0015201568603515625,1,0.1,m,u,10,10,3,extreme,100,39
m-u_10_10_extreme_4_,10,10,13,0.0011949539184570312,0,0.0,m,u,10,10,4,extreme,100,27
m-u_10_10_extreme_5_,10,10,19,0.0017712116241455078,5,0.5,m,u,10,10,5,extreme,100,32
u-l_10_10_extreme_1_,10,10,15,0.002191781997680664,0,0.0,u,l,10,10,1,extreme,100,32
u-l_10_10_extreme_2_,10,10,10,0.0011751651763916016,0,0.0,u,l,10,10,2,extreme,100,21
u-l_10_10_extreme_3_,10,10,16,0.0026841163635253906,0,0.0,u,l,10,10,3,extreme,100,39
u-l_10_10_extreme_4_,10,10,11,0.0014100074768066406,0,0.0,u,l,10,10,4,extreme,100,27
u-l_10_10_extreme_5_,10,10,13,0.0026509761810302734,0,0.0,u,l,10,10,5,extreme,100,46
u-m_10_10_extreme_1_,10,10,12,0.0012569427490234375,0,0.0,u,m,10,10,1,extreme,100,32
u-m_10_10_extreme_2_,10,10,12,0.0015571117401123047,0,0.0,u,m,10,10,2,extreme,100,27
u-m_10_10_extreme_3_,10,10,14,0.002213001251220703,0,0.0,u,m,10,10,3,extreme,100,39
u-m_10_10_extreme_4_,10,10,6,0.0006511211395263672,0,0.0,u,m,10,10,4,extreme,100,26
u-m_10_10_extreme_5_,10,10,8,0.0008790493011474609,0,0.0,u,m,10,10,5,extreme,100,36
u-u_10_10_extreme_1_,10,10,15,0.001544952392578125,4,0.4,u,u,10,10,1,extreme,100,38
u-u_10_10_extreme_2_,10,10,11,0.0011830329895019531,0,0.0,u,u,10,10,2,extreme,100,30
u-u_10_10_extreme_3_,10,10,11,0.0011119842529296875,0,0.0,u,u,10,10,3,extreme,100,41
u-u_10_10_extreme_4_,10,10,6,0.0004858970642089844,0,0.0,u,u,10,10,4,extreme,100,30
u-u_10_10_extreme_5_,10,10,7,0.0006501674652099609,0,0.0,u,u,10,10,5,extreme,100,38
l-l_10_10_0.25_1_,10,10,18,0.0033638477325439453,0,0.0,l,l,10,10,1,0.25,100,43
l-l_10_10_0.25_2_,10,10,14,0.0027327537536621094,0,0.0,l,l,10,10,2,0.25,100,42
l-l_10_10_0.25_3_,10,10,11,0.0015900135040283203,0,0.0,l,l,10,10,3,0.25,100,28
l-l_10_10_0.25_4_,10,10,19,0.003309011459350586,0,0.0,l,l,10,10,4,0.25,100,42
l-l_10_10_0.25_5_,10,10,12,0.002382040023803711,0,0.0,l,l,10,10,5,0.25,100,43
l-m_10_10_0.25_1_,10,10,16,0.0025742053985595703,0,0.0,l,m,10,10,1,0.25,100,53
l-m_10_10_0.25_2_,10,10,12,0.001692056655883789,0,0.0,l,m,10,10,2,0.25,100,38
l-m_10_10_0.25_3_,10,10,14,0.0022242069244384766,0,0.0,l,m,10,10,3,0.25,100,36
l-m_10_10_0.25_4_,10,10,15,0.0019540786743164062,0,0.0,l,m,10,10,4,0.25,100,36
l-m_10_10_0.25_5_,10,10,12,0.0015969276428222656,0,0.0,l,m,10,10,5,0.25,100,34
l-u_10_10_0.25_1_,10,10,22,0.0029299259185791016,1,0.1,l,u,10,10,1,0.25,100,46
l-u_10_10_0.25_2_,10,10,14,0.0013921260833740234,2,0.2,l,u,10,10,2,0.25,100,27
l-u_10_10_0.25_3_,10,10,13,0.001783132553100586,1,0.1,l,u,10,10,3,0.25,100,39
l-u_10_10_0.25_4_,10,10,20,0.0020771026611328125,6,0.6,l,u,10,10,4,0.25,100,21
l-u_10_10_0.25_5_,10,10,14,0.0017001628875732422,0,0.0,l,u,10,10,5,0.25,100,32
m-l_10_10_0.25_1_,10,10,22,0.00341796875,0,0.0,m,l,10,10,1,0.25,100,34
m-l_10_10_0.25_2_,10,10,17,0.0028657913208007812,0,0.0,m,l,10,10,2,0.25,100,36
m-l_10_10_0.25_3_,10,10,16,0.0026650428771972656,0,0.0,m,l,10,10,3,0.25,100,36
m-l_10_10_0.25_4_,10,10,26,0.004333019256591797,0,0.0,m,l,10,10,4,0.25,100,38
m-l_10_10_0.25_5_,10,10,21,0.00447392463684082,0,0.0,m,l,10,10,5,0.25,100,53
m-m_10_10_0.25_1_,10,10,18,0.0020160675048828125,0,0.0,m,m,10,10,1,0.25,100,34
m-m_10_10_0.25_2_,10,10,17,0.002399921417236328,0,0.0,m,m,10,10,2,0.25,100,34
m-m_10_10_0.25_3_,10,10,17,0.002444028854370117,1,0.1,m,m,10,10,3,0.25,100,29
m-m_10_10_0.25_4_,10,10,13,0.0015208721160888672,0,0.0,m,m,10,10,4,0.25,100,34
m-m_10_10_0.25_5_,10,10,10,0.0014100074768066406,1,0.1,m,m,10,10,5,0.25,100,34
m-u_10_10_0.25_1_,10,10,18,0.002294778823852539,4,0.4,m,u,10,10,1,0.25,100,36
m-u_10_10_0.25_2_,10,10,24,0.0024869441986083984,3,0.3,m,u,10,10,2,0.25,100,26
m-u_10_10_0.25_3_,10,10,18,0.002988100051879883,1,0.1,m,u,10,10,3,0.25,100,39
m-u_10_10_0.25_4_,10,10,16,0.001725912094116211,0,0.0,m,u,10,10,4,0.25,100,27
m-u_10_10_0.25_5_,10,10,24,0.002366781234741211,5,0.5,m,u,10,10,5,0.25,100,32
u-l_10_10_0.25_1_,10,10,15,0.0023097991943359375,0,0.0,u,l,10,10,1,0.25,100,32
u-l_10_10_0.25_2_,10,10,10,0.0011789798736572266,0,0.0,u,l,10,10,2,0.25,100,21
u-l_10_10_0.25_3_,10,10,16,0.0026607513427734375,0,0.0,u,l,10,10,3,0.25,100,39
u-l_10_10_0.25_4_,10,10,11,0.001506805419921875,0,0.0,u,l,10,10,4,0.25,100,27
u-l_10_10_0.25_5_,10,10,13,0.002645254135131836,0,0.0,u,l,10,10,5,0.25,100,46
u-m_10_10_0.25_1_,10,10,13,0.001445770263671875,0,0.0,u,m,10,10,1,0.25,100,32
u-m_10_10_0.25_2_,10,10,12,0.0019538402557373047,0,0.0,u,m,10,10,2,0.25,100,27
u-m_10_10_0.25_3_,10,10,14,0.0021309852600097656,0,0.0,u,m,10,10,3,0.25,100,39
u-m_10_10_0.25_4_,10,10,7,0.0007479190826416016,0,0.0,u,m,10,10,4,0.25,100,26
u-m_10_10_0.25_5_,10,10,10,0.0012691020965576172,0,0.0,u,m,10,10,5,0.25,100,36
u-u_10_10_0.25_1_,10,10,20,0.0029180049896240234,4,0.4,u,u,10,10,1,0.25,100,38
u-u_10_10_0.25_2_,10,10,12,0.0013298988342285156,0,0.0,u,u,10,10,2,0.25,100,30
u-u_10_10_0.25_3_,10,10,11,0.001834869384765625,0,0.0,u,u,10,10,3,0.25,100,41
u-u_10_10_0.25_4_,10,10,7,0.0006620883941650391,0,0.0,u,u,10,10,4,0.25,100,30
u-u_10_10_0.25_5_,10,10,14,0.002118349075317383,0,0.0,u,u,10,10,5,0.25,100,38
l-l_10_10_0.5_1_,10,10,18,0.0033431053161621094,0,0.0,l,l,10,10,1,0.5,100,43
l-l_10_10_0.5_2_,10,10,14,0.0027341842651367188,0,0.0,l,l,10,10,2,0.5,100,42
l-l_10_10_0.5_3_,10,10,11,0.0015940666198730469,0,0.0,l,l,10,10,3,0.5,100,28
l-l_10_10_0.5_4_,10,10,19,0.003343820571899414,0,0.0,l,l,10,10,4,0.5,100,42
l-l_10_10_0.5_5_,10,10,12,0.0023839473724365234,0,0.0,l,l,10,10,5,0.5,100,43
l-m_10_10_0.5_1_,10,10,24,0.0049898624420166016,0,0.0,l,m,10,10,1,0.5,100,53
l-m_10_10_0.5_2_,10,10,16,0.002399921417236328,0,0.0,l,m,10,10,2,0.5,100,38
l-m_10_10_0.5_3_,10,10,19,0.003165006637573242,0,0.0,l,m,10,10,3,0.5,100,36
l-m_10_10_0.5_4_,10,10,25,0.0036101341247558594,0,0.0,l,m,10,10,4,0.5,100,36
l-m_10_10_0.5_5_,10,10,13,0.0017712116241455078,0,0.0,l,m,10,10,5,0.5,100,34
l-u_10_10_0.5_1_,10,10,26,0.003779172897338867,1,0.1,l,u,10,10,1,0.5,100,46
l-u_10_10_0.5_2_,10,10,15,0.0015349388122558594,2,0.2,l,u,10,10,2,0.5,100,27
l-u_10_10_0.5_3_,10,10,15,0.002412080764770508,1,0.1,l,u,10,10,3,0.5,100,39
l-u_10_10_0.5_4_,10,10,23,0.002522706985473633,6,0.6,l,u,10,10,4,0.5,100,21
l-u_10_10_0.5_5_,10,10,10,0.0011532306671142578,0,0.0,l,u,10,10,5,0.5,100,32
m-l_10_10_0.5_1_,10,10,22,0.003443002700805664,0,0.0,m,l,10,10,1,0.5,100,34
m-l_10_10_0.5_2_,10,10,17,0.002871990203857422,0,0.0,m,l,10,10,2,0.5,100,36
m-l_10_10_0.5_3_,10,10,16,0.0026128292083740234,0,0.0,m,l,10,10,3,0.5,100,36
m-l_10_10_0.5_4_,10,10,26,0.0042688846588134766,0,0.0,m,l,10,10,4,0.5,100,38
m-l_10_10_0.5_5_,10,10,21,0.004498004913330078,0,0.0,m,l,10,10,5,0.5,100,53
m-m_10_10_0.5_1_,10,10,19,0.0022439956665039062,0,0.0,m,m,10,10,1,0.5,100,34
m-m_10_10_0.5_2_,10,10,26,0.004029035568237305,0,0.0,m,m,10,10,2,0.5,100,34
m-m_10_10_0.5_3_,10,10,17,0.0023992061614990234,1,0.1,m,m,10,10,3,0.5,100,29
m-m_10_10_0.5_4_,10,10,14,0.0019309520721435547,0,0.0,m,m,10,10,4,0.5,100,34
m-m_10_10_0.5_5_,10,10,10,0.0015299320220947266,1,0.1,m,m,10,10,5,0.5,100,34
m-u_10_10_0.5_1_,10,10,18,0.0022361278533935547,4,0.4,m,u,10,10,1,0.5,100,36
m-u_10_10_0.5_2_,10,10,24,0.002584695816040039,3,0.3,m,u,10,10,2,0.5,100,26
m-u_10_10_0.5_3_,10,10,20,0.0038061141967773438,1,0.1,m,u,10,10,3,0.5,100,39
m-u_10_10_0.5_4_,10,10,18,0.002176046371459961,1,0.1,m,u,10,10,4,0.5,100,27
m-u_10_10_0.5_5_,10,10,24,0.0024161338806152344,5,0.5,m,u,10,10,5,0.5,100,32
u-l_10_10_0.5_1_,10,10,15,0.002193927764892578,0,0.0,u,l,10,10,1,0.5,100,32
u-l_10_10_0.5_2_,10,10,10,0.0012097358703613281,0,0.0,u,l,10,10,2,0.5,100,21
u-l_10_10_0.5_3_,10,10,16,0.0027399063110351562,0,0.0,u,l,10,10,3,0.5,100,39
u-l_10_10_0.5_4_,10,10,11,0.0013959407806396484,0,0.0,u,l,10,10,4,0.5,100,27
u-l_10_10_0.5_5_,10,10,13,0.002708911895751953,0,0.0,u,l,10,10,5,0.5,100,46
u-m_10_10_0.5_1_,10,10,12,0.0016508102416992188,0,0.0,u,m,10,10,1,0.5,100,32
u-m_10_10_0.5_2_,10,10,14,0.0025148391723632812,0,0.0,u,m,10,10,2,0.5,100,27
u-m_10_10_0.5_3_,10,10,15,0.002504110336303711,0,0.0,u,m,10,10,3,0.5,100,39
u-m_10_10_0.5_4_,10,10,9,0.0010938644409179688,0,0.0,u,m,10,10,4,0.5,100,26
u-m_10_10_0.5_5_,10,10,11,0.00144195556640625,0,0.0,u,m,10,10,5,0.5,100,36
u-u_10_10_0.5_1_,10,10,26,0.003901243209838867,4,0.4,u,u,10,10,1,0.5,100,38
u-u_10_10_0.5_2_,10,10,14,0.0016489028930664062,0,0.0,u,u,10,10,2,0.5,100,30
u-u_10_10_0.5_3_,10,10,11,0.0022230148315429688,0,0.0,u,u,10,10,3,0.5,100,41
u-u_10_10_0.5_4_,10,10,6,0.0006010532379150391,0,0.0,u,u,10,10,4,0.5,100,30
u-u_10_10_0.5_5_,10,10,12,0.0016918182373046875,0,0.0,u,u,10,10,5,0.5,100,38
l-l_10_10_0.75_1_,10,10,18,0.0033037662506103516,0,0.0,l,l,10,10,1,0.75,100,43
l-l_10_10_0.75_2_,10,10,14,0.002769947052001953,0,0.0,l,l,10,10,2,0.75,100,42
l-l_10_10_0.75_3_,10,10,11,0.0015931129455566406,0,0.0,l,l,10,10,3,0.75,100,28
l-l_10_10_0.75_4_,10,10,19,0.003284931182861328,0,0.0,l,l,10,10,4,0.75,100,42
l-l_10_10_0.75_5_,10,10,12,0.002485036849975586,0,0.0,l,l,10,10,5,0.75,100,43
l-m_10_10_0.75_1_,10,10,21,0.004334926605224609,0,0.0,l,m,10,10,1,0.75,100,53
l-m_10_10_0.75_2_,10,10,18,0.0029239654541015625,0,0.0,l,m,10,10,2,0.75,100,38
l-m_10_10_0.75_3_,10,10,21,0.0035321712493896484,0,0.0,l,m,10,10,3,0.75,100,36
l-m_10_10_0.75_4_,10,10,29,0.004550933837890625,0,0.0,l,m,10,10,4,0.75,100,36
l-m_10_10_0.75_5_,10,10,14,0.0020241737365722656,0,0.0,l,m,10,10,5,0.75,100,34
l-u_10_10_0.75_1_,10,10,36,0.006065845489501953,2,0.2,l,u,10,10,1,0.75,100,46
l-u_10_10_0.75_2_,10,10,18,0.0020558834075927734,2,0.2,l,u,10,10,2,0.75,100,27
l-u_10_10_0.75_3_,10,10,21,0.003772258758544922,1,0.1,l,u,10,10,3,0.75,100,39
l-u_10_10_0.75_4_,10,10,23,0.002547025680541992,6,0.6,l,u,10,10,4,0.75,100,21
l-u_10_10_0.75_5_,10,10,14,0.001875162124633789,0,0.0,l,u,10,10,5,0.75,100,32
m-l_10_10_0.75_1_,10,10,22,0.0033652782440185547,0,0.0,m,l,10,10,1,0.75,100,34
m-l_10_10_0.75_2_,10,10,17,0.0029458999633789062,0,0.0,m,l,10,10,2,0.75,100,36
m-l_10_10_0.75_3_,10,10,16,0.0025720596313476562,0,0.0,m,l,10,10,3,0.75,100,36
m-l_10_10_0.75_4_,10,10,26,0.004339933395385742,0,0.0,m,l,10,10,4,0.75,100,38
m-l_10_10_0.75_5_,10,10,21,0.004395008087158203,0,0.0,m,l,10,10,5,0.75,100,53
m-m_10_10_0.75_1_,10,10,22,0.003159046173095703,0,0.0,m,m,10,10,1,0.75,100,34
m-m_10_10_0.75_2_,10,10,20,0.0030732154846191406,0,0.0,m,m,10,10,2,0.75,100,34
m-m_10_10_0.75_3_,10,10,17,0.002518177032470703,1,0.1,m,m,10,10,3,0.75,100,29
m-m_10_10_0.75_4_,10,10,13,0.0018470287322998047,0,0.0,m,m,10,10,4,0.75,100,34
m-m_10_10_0.75_5_,10,10,11,0.0016620159149169922,1,0.1,m,m,10,10,5,0.75,100,34
m-u_10_10_0.75_1_,10,10,23,0.0030171871185302734,4,0.4,m,u,10,10,1,0.75,100,36
m-u_10_10_0.75_2_,10,10,27,0.0029561519622802734,3,0.3,m,u,10,10,2,0.75,100,26
m-u_10_10_0.75_3_,10,10,22,0.0044400691986083984,1,0.1,m,u,10,10,3,0.75,100,39
m-u_10_10_0.75_4_,10,10,21,0.0028128623962402344,1,0.1,m,u,10,10,4,0.75,100,27
m-u_10_10_0.75_5_,10,10,24,0.002429962158203125,5,0.5,m,u,10,10,5,0.75,100,32
u-l_10_10_0.75_1_,10,10,15,0.0022749900817871094,0,0.0,u,l,10,10,1,0.75,100,32
u-l_10_10_0.75_2_,10,10,10,0.0012097358703613281,0,0.0,u,l,10,10,2,0.75,100,21
u-l_10_10_0.75_3_,10,10,16,0.0026879310607910156,0,0.0,u,l,10,10,3,0.75,100,39
u-l_10_10_0.75_4_,10,10,11,0.0014007091522216797,0,0.0,u,l,10,10,4,0.75,100,27
u-l_10_10_0.75_5_,10,10,13,0.002663135528564453,0,0.0,u,l,10,10,5,0.75,100,46
u-m_10_10_0.75_1_,10,10,10,0.0012760162353515625,0,0.0,u,m,10,10,1,0.75,100,32
u-m_10_10_0.75_2_,10,10,14,0.0026578903198242188,0,0.0,u,m,10,10,2,0.75,100,27
u-m_10_10_0.75_3_,10,10,19,0.0034589767456054688,0,0.0,u,m,10,10,3,0.75,100,39
u-m_10_10_0.75_4_,10,10,10,0.0013158321380615234,0,0.0,u,m,10,10,4,0.75,100,26
u-m_10_10_0.75_5_,10,10,12,0.001650094985961914,0,0.0,u,m,10,10,5,0.75,100,36
u-u_10_10_0.75_1_,10,10,26,0.003902912139892578,4,0.4,u,u,10,10,1,0.75,100,38
u-u_10_10_0.75_2_,10,10,16,0.0019221305847167969,0,0.0,u,u,10,10,2,0.75,100,30
u-u_10_10_0.75_3_,10,10,14,0.0028579235076904297,0,0.0,u,u,10,10,3,0.75,100,41
u-u_10_10_0.75_4_,10,10,8,0.0009007453918457031,0,0.0,u,u,10,10,4,0.75,100,30
u-u_10_10_0.75_5_,10,10,13,0.0022242069244384766,0,0.0,u,u,10,10,5,0.75,100,38
l-l_10_10_all_1_,10,10,19,0.0038640499114990234,0,0.0,l,l,10,10,1,all,100,43
l-l_10_10_all_2_,10,10,14,0.00279998779296875,0,0.0,l,l,10,10,2,all,100,42
l-l_10_10_all_3_,10,10,11,0.0016520023345947266,0,0.0,l,l,10,10,3,all,100,28
l-l_10_10_all_4_,10,10,19,0.003368854522705078,0,0.0,l,l,10,10,4,all,100,42
l-l_10_10_all_5_,10,10,12,0.0023860931396484375,0,0.0,l,l,10,10,5,all,100,43
l-m_10_10_all_1_,10,10,29,0.007162809371948242,0,0.0,l,m,10,10,1,all,100,53
l-m_10_10_all_2_,10,10,23,0.003738880157470703,0,0.0,l,m,10,10,2,all,100,38
l-m_10_10_all_3_,10,10,24,0.004212856292724609,0,0.0,l,m,10,10,3,all,100,36
l-m_10_10_all_4_,10,10,29,0.004632711410522461,1,0.1,l,m,10,10,4,all,100,36
l-m_10_10_all_5_,10,10,18,0.0028448104858398438,0,0.0,l,m,10,10,5,all,100,34
l-u_10_10_all_1_,10,10,42,0.008009910583496094,2,0.2,l,u,10,10,1,all,100,46
l-u_10_10_all_2_,10,10,21,0.002444028854370117,2,0.2,l,u,10,10,2,all,100,27
l-u_10_10_all_3_,10,10,24,0.004408121109008789,1,0.1,l,u,10,10,3,all,100,39
l-u_10_10_all_4_,10,10,23,0.0026578903198242188,6,0.6,l,u,10,10,4,all,100,21
l-u_10_10_all_5_,10,10,16,0.002276182174682617,0,0.0,l,u,10,10,5,all,100,32
m-l_10_10_all_1_,10,10,23,0.0037648677825927734,0,0.0,m,l,10,10,1,all,100,34
m-l_10_10_all_2_,10,10,17,0.002869129180908203,0,0.0,m,l,10,10,2,all,100,36
m-l_10_10_all_3_,10,10,16,0.0026121139526367188,0,0.0,m,l,10,10,3,all,100,36
m-l_10_10_all_4_,10,10,26,0.004238128662109375,0,0.0,m,l,10,10,4,all,100,38
m-l_10_10_all_5_,10,10,21,0.0044100284576416016,0,0.0,m,l,10,10,5,all,100,53
m-m_10_10_all_1_,10,10,28,0.004271030426025391,0,0.0,m,m,10,10,1,all,100,34
m-m_10_10_all_2_,10,10,18,0.002750873565673828,0,0.0,m,m,10,10,2,all,100,34
m-m_10_10_all_3_,10,10,17,0.002474069595336914,1,0.1,m,m,10,10,3,all,100,29
m-m_10_10_all_4_,10,10,16,0.0026280879974365234,0,0.0,m,m,10,10,4,all,100,34
m-m_10_10_all_5_,10,10,14,0.0023641586303710938,1,0.1,m,m,10,10,5,all,100,34
m-u_10_10_all_1_,10,10,31,0.004889011383056641,4,0.4,m,u,10,10,1,all,100,36
m-u_10_10_all_2_,10,10,36,0.00427699089050293,3,0.3,m,u,10,10,2,all,100,26
m-u_10_10_all_3_,10,10,22,0.0043027400970458984,3,0.3,m,u,10,10,3,all,100,39
m-u_10_10_all_4_,10,10,25,0.003659963607788086,1,0.1,m,u,10,10,4,all,100,27
m-u_10_10_all_5_,10,10,30,0.003582000732421875,5,0.5,m,u,10,10,5,all,100,32
u-l_10_10_all_1_,10,10,16,0.0024161338806152344,0,0.0,u,l,10,10,1,all,100,32
u-l_10_10_all_2_,10,10,10,0.0012049674987792969,0,0.0,u,l,10,10,2,all,100,21
u-l_10_10_all_3_,10,10,16,0.0026650428771972656,0,0.0,u,l,10,10,3,all,100,39
u-l_10_10_all_4_,10,10,11,0.0014190673828125,0,0.0,u,l,10,10,4,all,100,27
u-l_10_10_all_5_,10,10,13,0.0026559829711914062,0,0.0,u,l,10,10,5,all,100,46
u-m_10_10_all_1_,10,10,10,0.0013010501861572266,0,0.0,u,m,10,10,1,all,100,32
u-m_10_10_all_2_,10,10,10,0.0015957355499267578,0,0.0,u,m,10,10,2,all,100,27
u-m_10_10_all_3_,10,10,19,0.0035300254821777344,0,0.0,u,m,10,10,3,all,100,39
u-m_10_10_all_4_,10,10,10,0.0013208389282226562,0,0.0,u,m,10,10,4,all,100,26
u-m_10_10_all_5_,10,10,15,0.002401113510131836,0,0.0,u,m,10,10,5,all,100,36
u-u_10_10_all_1_,10,10,27,0.004623889923095703,4,0.4,u,u,10,10,1,all,100,38
u-u_10_10_all_2_,10,10,21,0.002682924270629883,0,0.0,u,u,10,10,2,all,100,30
u-u_10_10_all_3_,10,10,14,0.0029840469360351562,0,0.0,u,u,10,10,3,all,100,41
u-u_10_10_all_4_,10,10,10,0.0013689994812011719,0,0.0,u,u,10,10,4,all,100,30
u-u_10_10_all_5_,10,10,15,0.0027053356170654297,0,0.0,u,u,10,10,5,all,100,38
l-l_50_50_lexmin_1_,50,50,81,0.1456000804901123,0,0.0,l,l,50,50,1,lexmin,2500,410
l-l_50_50_lexmin_2_,50,50,126,0.22035622596740723,0,0.0,l,l,50,50,2,lexmin,2500,368
l-l_50_50_lexmin_3_,50,50,77,0.14433789253234863,0,0.0,l,l,50,50,3,lexmin,2500,296
l-l_50_50_lexmin_4_,50,50,135,0.25065112113952637,0,0.0,l,l,50,50,4,lexmin,2500,368
l-l_50_50_lexmin_5_,50,50,72,0.12383580207824707,0,0.0,l,l,50,50,5,lexmin,2500,410
l-m_50_50_lexmin_1_,50,50,67,0.11687088012695312,0,0.0,l,m,50,50,1,lexmin,2500,273
l-m_50_50_lexmin_2_,50,50,70,0.11243700981140137,0,0.0,l,m,50,50,2,lexmin,2500,223
l-m_50_50_lexmin_3_,50,50,99,0.18793511390686035,0,0.0,l,m,50,50,3,lexmin,2500,250
l-m_50_50_lexmin_4_,50,50,81,0.14175009727478027,0,0.0,l,m,50,50,4,lexmin,2500,225
l-m_50_50_lexmin_5_,50,50,143,0.26509714126586914,0,0.0,l,m,50,50,5,lexmin,2500,229
l-u_50_50_lexmin_1_,50,50,105,0.18493890762329102,16,0.32,l,u,50,50,1,lexmin,2500,164
l-u_50_50_lexmin_2_,50,50,126,0.24302005767822266,31,0.62,l,u,50,50,2,lexmin,2500,189
l-u_50_50_lexmin_3_,50,50,83,0.1553201675415039,21,0.42,l,u,50,50,3,lexmin,2500,203
l-u_50_50_lexmin_4_,50,50,77,0.13837909698486328,28,0.56,l,u,50,50,4,lexmin,2500,177
l-u_50_50_lexmin_5_,50,50,93,0.16235899925231934,18,0.36,l,u,50,50,5,lexmin,2500,245
m-l_50_50_lexmin_1_,50,50,58,0.09983682632446289,0,0.0,m,l,50,50,1,lexmin,2500,229
m-l_50_50_lexmin_2_,50,50,50,0.08461976051330566,0,0.0,m,l,50,50,2,lexmin,2500,225
m-l_50_50_lexmin_3_,50,50,68,0.11525917053222656,0,0.0,m,l,50,50,3,lexmin,2500,250
m-l_50_50_lexmin_4_,50,50,51,0.09010982513427734,0,0.0,m,l,50,50,4,lexmin,2500,223
m-l_50_50_lexmin_5_,50,50,58,0.1035158634185791,0,0.0,m,l,50,50,5,lexmin,2500,273
m-m_50_50_lexmin_1_,50,50,68,0.11050796508789062,0,0.0,m,m,50,50,1,lexmin,2500,298
m-m_50_50_lexmin_2_,50,50,90,0.1531977653503418,0,0.0,m,m,50,50,2,lexmin,2500,250
m-m_50_50_lexmin_3_,50,50,81,0.1333601474761963,0,0.0,m,m,50,50,3,lexmin,2500,272
m-m_50_50_lexmin_4_,50,50,82,0.13879609107971191,0,0.0,m,m,50,50,4,lexmin,2500,250
m-m_50_50_lexmin_5_,50,50,93,0.15378093719482422,0,0.0,m,m,50,50,5,lexmin,2500,298
m-u_50_50_lexmin_1_,50,50,52,0.0897681713104248,35,0.7,m,u,50,50,1,lexmin,2500,143
m-u_50_50_lexmin_2_,50,50,79,0.13863205909729004,37,0.74,m,u,50,50,2,lexmin,2500,185
m-u_50_50_lexmin_3_,50,50,53,0.09414792060852051,37,0.74,m,u,50,50,3,lexmin,2500,186
m-u_50_50_lexmin_4_,50,50,51,0.09163427352905273,37,0.74,m,u,50,50,4,lexmin,2500,170
m-u_50_50_lexmin_5_,50,50,85,0.15114188194274902,39,0.78,m,u,50,50,5,lexmin,2500,235
u-l_50_50_lexmin_1_,50,50,96,0.18556594848632812,0,0.0,u,l,50,50,1,lexmin,2500,245
u-l_50_50_lexmin_2_,50,50,87,0.1562209129333496,0,0.0,u,l,50,50,2,lexmin,2500,177
u-l_50_50_lexmin_3_,50,50,92,0.17744183540344238,0,0.0,u,l,50,50,3,lexmin,2500,203
u-l_50_50_lexmin_4_,50,50,68,0.12924480438232422,0,0.0,u,l,50,50,4,lexmin,2500,189
u-l_50_50_lexmin_5_,50,50,97,0.17068099975585938,0,0.0,u,l,50,50,5,lexmin,2500,164
u-m_50_50_lexmin_1_,50,50,83,0.15438127517700195,0,0.0,u,m,50,50,1,lexmin,2500,235
u-m_50_50_lexmin_2_,50,50,35,0.0516057014465332,0,0.0,u,m,50,50,2,lexmin,2500,170
u-m_50_50_lexmin_3_,50,50,81,0.14803194999694824,0,0.0,u,m,50,50,3,lexmin,2500,186
u-m_50_50_lexmin_4_,50,50,84,0.12970590591430664,0,0.0,u,m,50,50,4,lexmin,2500,185
u-m_50_50_lexmin_5_,50,50,39,0.058193206787109375,0,0.0,u,m,50,50,5,lexmin,2500,143
u-u_50_50_lexmin_1_,50,50,89,0.16646885871887207,0,0.0,u,u,50,50,1,lexmin,2500,203
u-u_50_50_lexmin_2_,50,50,87,0.14824700355529785,0,0.0,u,u,50,50,2,lexmin,2500,227
u-u_50_50_lexmin_3_,50,50,95,0.17662787437438965,0,0.0,u,u,50,50,3,lexmin,2500,192
u-u_50_50_lexmin_4_,50,50,113,0.2057340145111084,6,0.12,u,u,50,50,4,lexmin,2500,227
u-u_50_50_lexmin_5_,50,50,58,0.07799601554870605,0,0.0,u,u,50,50,5,lexmin,2500,203
l-l_50_50_extreme_1_,50,50,196,1.281487226486206,0,0.0,l,l,50,50,1,extreme,2500,410
l-l_50_50_extreme_2_,50,50,172,1.081221103668213,0,0.0,l,l,50,50,2,extreme,2500,368
l-l_50_50_extreme_3_,50,50,125,0.6083309650421143,0,0.0,l,l,50,50,3,extreme,2500,296
l-l_50_50_extreme_4_,50,50,187,0.9576668739318848,0,0.0,l,l,50,50,4,extreme,2500,368
l-l_50_50_extreme_5_,50,50,190,1.2460081577301025,0,0.0,l,l,50,50,5,extreme,2500,410
l-m_50_50_extreme_1_,50,50,134,0.42754673957824707,3,0.06,l,m,50,50,1,extreme,2500,273
l-m_50_50_extreme_2_,50,50,82,0.21442413330078125,0,0.0,l,m,50,50,2,extreme,2500,223
l-m_50_50_extreme_3_,50,50,73,0.18053197860717773,2,0.04,l,m,50,50,3,extreme,2500,250
l-m_50_50_extreme_4_,50,50,82,0.24660873413085938,0,0.0,l,m,50,50,4,extreme,2500,225
l-m_50_50_extreme_5_,50,50,105,0.25751709938049316,1,0.02,l,m,50,50,5,extreme,2500,229
l-u_50_50_extreme_1_,50,50,105,0.18435287475585938,16,0.32,l,u,50,50,1,extreme,2500,164
l-u_50_50_extreme_2_,50,50,126,0.2434549331665039,31,0.62,l,u,50,50,2,extreme,2500,189
l-u_50_50_extreme_3_,50,50,83,0.15540313720703125,21,0.42,l,u,50,50,3,extreme,2500,203
l-u_50_50_extreme_4_,50,50,77,0.13835906982421875,28,0.56,l,u,50,50,4,extreme,2500,177
l-u_50_50_extreme_5_,50,50,93,0.16317987442016602,18,0.36,l,u,50,50,5,extreme,2500,245
m-l_50_50_extreme_1_,50,50,98,0.3277890682220459,0,0.0,m,l,50,50,1,extreme,2500,229
m-l_50_50_extreme_2_,50,50,110,0.42548108100891113,0,0.0,m,l,50,50,2,extreme,2500,225
m-l_50_50_extreme_3_,50,50,108,0.4131331443786621,0,0.0,m,l,50,50,3,extreme,2500,250
m-l_50_50_extreme_4_,50,50,95,0.2787778377532959,0,0.0,m,l,50,50,4,extreme,2500,223
m-l_50_50_extreme_5_,50,50,130,0.5942590236663818,0,0.0,m,l,50,50,5,extreme,2500,273
m-m_50_50_extreme_1_,50,50,154,0.44985508918762207,7,0.14,m,m,50,50,1,extreme,2500,298
m-m_50_50_extreme_2_,50,50,125,0.30362796783447266,4,0.08,m,m,50,50,2,extreme,2500,250
m-m_50_50_extreme_3_,50,50,141,0.4242551326751709,2,0.04,m,m,50,50,3,extreme,2500,272
m-m_50_50_extreme_4_,50,50,134,0.3279139995574951,2,0.04,m,m,50,50,4,extreme,2500,250
m-m_50_50_extreme_5_,50,50,165,0.49742817878723145,6,0.12,m,m,50,50,5,extreme,2500,298
m-u_50_50_extreme_1_,50,50,52,0.08752584457397461,35,0.7,m,u,50,50,1,extreme,2500,143
m-u_50_50_extreme_2_,50,50,79,0.14086461067199707,37,0.74,m,u,50,50,2,extreme,2500,185
m-u_50_50_extreme_3_,50,50,53,0.08621811866760254,37,0.74,m,u,50,50,3,extreme,2500,186
m-u_50_50_extreme_4_,50,50,51,0.09110879898071289,37,0.74,m,u,50,50,4,extreme,2500,170
m-u_50_50_extreme_5_,50,50,85,0.14108777046203613,39,0.78,m,u,50,50,5,extreme,2500,235
u-l_50_50_extreme_1_,50,50,78,0.35249876976013184,0,0.0,u,l,50,50,1,extreme,2500,245
u-l_50_50_extreme_2_,50,50,55,0.15699195861816406,0,0.0,u,l,50,50,2,extreme,2500,177
u-l_50_50_extreme_3_,50,50,53,0.15916085243225098,0,0.0,u,l,50,50,3,extreme,2500,203
u-l_50_50_extreme_4_,50,50,57,0.1831810474395752,0,0.0,u,l,50,50,4,extreme,2500,189
u-l_50_50_extreme_5_,50,50,54,0.15744495391845703,0,0.0,u,l,50,50,5,extreme,2500,164
u-m_50_50_extreme_1_,50,50,46,0.09523296356201172,0,0.0,u,m,50,50,1,extreme,2500,235
u-m_50_50_extreme_2_,50,50,23,0.03601408004760742,0,0.0,u,m,50,50,2,extreme,2500,170
u-m_50_50_extreme_3_,50,50,23,0.03388500213623047,0,0.0,u,m,50,50,3,extreme,2500,186
u-m_50_50_extreme_4_,50,50,33,0.06180310249328613,0,0.0,u,m,50,50,4,extreme,2500,185
u-m_50_50_extreme_5_,50,50,18,0.027151823043823242,0,0.0,u,m,50,50,5,extreme,2500,143
u-u_50_50_extreme_1_,50,50,89,0.1674799919128418,0,0.0,u,u,50,50,1,extreme,2500,203
u-u_50_50_extreme_2_,50,50,87,0.14980697631835938,0,0.0,u,u,50,50,2,extreme,2500,227
u-u_50_50_extreme_3_,50,50,95,0.17598581314086914,0,0.0,u,u,50,50,3,extreme,2500,192
u-u_50_50_extreme_4_,50,50,113,0.20650291442871094,6,0.12,u,u,50,50,4,extreme,2500,227
u-u_50_50_extreme_5_,50,50,58,0.07713031768798828,0,0.0,u,u,50,50,5,extreme,2500,203
l-l_50_50_0.25_1_,50,50,197,1.3293490409851074,0,0.0,l,l,50,50,1,0.25,2500,410
l-l_50_50_0.25_2_,50,50,172,1.07840895652771,0,0.0,l,l,50,50,2,0.25,2500,368
l-l_50_50_0.25_3_,50,50,125,0.6338942050933838,0,0.0,l,l,50,50,3,0.25,2500,296
l-l_50_50_0.25_4_,50,50,188,0.9935421943664551,0,0.0,l,l,50,50,4,0.25,2500,368
l-l_50_50_0.25_5_,50,50,190,1.24326491355896,0,0.0,l,l,50,50,5,0.25,2500,410
l-m_50_50_0.25_1_,50,50,143,0.5437471866607666,3,0.06,l,m,50,50,1,0.25,2500,273
l-m_50_50_0.25_2_,50,50,122,0.4427309036254883,1,0.02,l,m,50,50,2,0.25,2500,223
l-m_50_50_0.25_3_,50,50,149,0.43807291984558105,6,0.12,l,m,50,50,3,0.25,2500,250
l-m_50_50_0.25_4_,50,50,118,0.4380817413330078,1,0.02,l,m,50,50,4,0.25,2500,225
l-m_50_50_0.25_5_,50,50,131,0.38124990463256836,3,0.06,l,m,50,50,5,0.25,2500,229
l-u_50_50_0.25_1_,50,50,203,0.5210230350494385,25,0.5,l,u,50,50,1,0.25,2500,164
l-u_50_50_0.25_2_,50,50,169,0.5481259822845459,37,0.74,l,u,50,50,2,0.25,2500,189
l-u_50_50_0.25_3_,50,50,162,0.37639713287353516,37,0.74,l,u,50,50,3,0.25,2500,203
l-u_50_50_0.25_4_,50,50,191,0.3640251159667969,30,0.6,l,u,50,50,4,0.25,2500,177
l-u_50_50_0.25_5_,50,50,162,0.6064839363098145,26,0.52,l,u,50,50,5,0.25,2500,245
m-l_50_50_0.25_1_,50,50,99,0.3342158794403076,0,0.0,m,l,50,50,1,0.25,2500,229
m-l_50_50_0.25_2_,50,50,110,0.42410993576049805,0,0.0,m,l,50,50,2,0.25,2500,225
m-l_50_50_0.25_3_,50,50,111,0.43313002586364746,0,0.0,m,l,50,50,3,0.25,2500,250
m-l_50_50_0.25_4_,50,50,97,0.2889139652252197,0,0.0,m,l,50,50,4,0.25,2500,223
m-l_50_50_0.25_5_,50,50,130,0.5946969985961914,0,0.0,m,l,50,50,5,0.25,2500,273
m-m_50_50_0.25_1_,50,50,163,0.6009321212768555,7,0.14,m,m,50,50,1,0.25,2500,298
m-m_50_50_0.25_2_,50,50,134,0.41428303718566895,8,0.16,m,m,50,50,2,0.25,2500,250
m-m_50_50_0.25_3_,50,50,159,0.6685190200805664,5,0.1,m,m,50,50,3,0.25,2500,272
m-m_50_50_0.25_4_,50,50,133,0.44103240966796875,5,0.1,m,m,50,50,4,0.25,2500,250
m-m_50_50_0.25_5_,50,50,178,0.692835807800293,7,0.14,m,m,50,50,5,0.25,2500,298
m-u_50_50_0.25_1_,50,50,102,0.2646059989929199,35,0.7,m,u,50,50,1,0.25,2500,143
m-u_50_50_0.25_2_,50,50,161,0.5188007354736328,37,0.74,m,u,50,50,2,0.25,2500,185
m-u_50_50_0.25_3_,50,50,108,0.23100805282592773,37,0.74,m,u,50,50,3,0.25,2500,186
m-u_50_50_0.25_4_,50,50,70,0.1211390495300293,37,0.74,m,u,50,50,4,0.25,2500,170
m-u_50_50_0.25_5_,50,50,122,0.5113351345062256,39,0.78,m,u,50,50,5,0.25,2500,235
u-l_50_50_0.25_1_,50,50,79,0.36863112449645996,0,0.0,u,l,50,50,1,0.25,2500,245
u-l_50_50_0.25_2_,50,50,55,0.15422391891479492,0,0.0,u,l,50,50,2,0.25,2500,177
u-l_50_50_0.25_3_,50,50,55,0.17154908180236816,0,0.0,u,l,50,50,3,0.25,2500,203
u-l_50_50_0.25_4_,50,50,58,0.18766474723815918,0,0.0,u,l,50,50,4,0.25,2500,189
u-l_50_50_0.25_5_,50,50,54,0.15704107284545898,0,0.0,u,l,50,50,5,0.25,2500,164
u-m_50_50_0.25_1_,50,50,55,0.15142297744750977,0,0.0,u,m,50,50,1,0.25,2500,235
u-m_50_50_0.25_2_,50,50,51,0.15983176231384277,0,0.0,u,m,50,50,2,0.25,2500,170
u-m_50_50_0.25_3_,50,50,33,0.05982828140258789,0,0.0,u,m,50,50,3,0.25,2500,186
u-m_50_50_0.25_4_,50,50,42,0.09466981887817383,0,0.0,u,m,50,50,4,0.25,2500,185
u-m_50_50_0.25_5_,50,50,26,0.04849720001220703,0,0.0,u,m,50,50,5,0.25,2500,143
u-u_50_50_0.25_1_,50,50,95,0.3153069019317627,0,0.0,u,u,50,50,1,0.25,2500,203
u-u_50_50_0.25_2_,50,50,91,0.31917619705200195,0,0.0,u,u,50,50,2,0.25,2500,227
u-u_50_50_0.25_3_,50,50,85,0.25397396087646484,0,0.0,u,u,50,50,3,0.25,2500,192
u-u_50_50_0.25_4_,50,50,129,0.299572229385376,6,0.12,u,u,50,50,4,0.25,2500,227
u-u_50_50_0.25_5_,50,50,94,0.30301403999328613,0,0.0,u,u,50,50,5,0.25,2500,203
l-l_50_50_0.5_1_,50,50,203,1.428947925567627,0,0.0,l,l,50,50,1,0.5,2500,410
l-l_50_50_0.5_2_,50,50,171,1.1113567352294922,0,0.0,l,l,50,50,2,0.5,2500,368
l-l_50_50_0.5_3_,50,50,125,0.6543781757354736,0,0.0,l,l,50,50,3,0.5,2500,296
l-l_50_50_0.5_4_,50,50,194,1.1183009147644043,0,0.0,l,l,50,50,4,0.5,2500,368
l-l_50_50_0.5_5_,50,50,191,1.2833869457244873,0,0.0,l,l,50,50,5,0.5,2500,410
l-m_50_50_0.5_1_,50,50,182,0.7847180366516113,5,0.1,l,m,50,50,1,0.5,2500,273
l-m_50_50_0.5_2_,50,50,116,0.3857309818267822,8,0.16,l,m,50,50,2,0.5,2500,223
l-m_50_50_0.5_3_,50,50,151,0.47336602210998535,9,0.18,l,m,50,50,3,0.5,2500,250
l-m_50_50_0.5_4_,50,50,111,0.40652894973754883,5,0.1,l,m,50,50,4,0.5,2500,225
l-m_50_50_0.5_5_,50,50,149,0.48728108406066895,7,0.14,l,m,50,50,5,0.5,2500,229
l-u_50_50_0.5_1_,50,50,239,0.6259300708770752,26,0.52,l,u,50,50,1,0.5,2500,164
l-u_50_50_0.5_2_,50,50,241,0.7982640266418457,37,0.74,l,u,50,50,2,0.5,2500,189
l-u_50_50_0.5_3_,50,50,162,0.3766636848449707,37,0.74,l,u,50,50,3,0.5,2500,203
l-u_50_50_0.5_4_,50,50,191,0.36931371688842773,30,0.6,l,u,50,50,4,0.5,2500,177
l-u_50_50_0.5_5_,50,50,162,0.6132650375366211,26,0.52,l,u,50,50,5,0.5,2500,245
m-l_50_50_0.5_1_,50,50,100,0.3836851119995117,0,0.0,m,l,50,50,1,0.5,2500,229
m-l_50_50_0.5_2_,50,50,112,0.443418025970459,0,0.0,m,l,50,50,2,0.5,2500,225
m-l_50_50_0.5_3_,50,50,114,0.4644160270690918,0,0.0,m,l,50,50,3,0.5,2500,250
m-l_50_50_0.5_4_,50,50,99,0.3173961639404297,0,0.0,m,l,50,50,4,0.5,2500,223
m-l_50_50_0.5_5_,50,50,132,0.6166472434997559,0,0.0,m,l,50,50,5,0.5,2500,273
m-m_50_50_0.5_1_,50,50,198,0.8636372089385986,7,0.14,m,m,50,50,1,0.5,2500,298
m-m_50_50_0.5_2_,50,50,143,0.5465490818023682,10,0.2,m,m,50,50,2,0.5,2500,250
m-m_50_50_0.5_3_,50,50,176,0.7957391738891602,6,0.12,m,m,50,50,3,0.5,2500,272
m-m_50_50_0.5_4_,50,50,152,0.5307309627532959,10,0.2,m,m,50,50,4,0.5,2500,250
m-m_50_50_0.5_5_,50,50,210,0.894118070602417,10,0.2,m,m,50,50,5,0.5,2500,298
m-u_50_50_0.5_1_,50,50,102,0.2707068920135498,35,0.7,m,u,50,50,1,0.5,2500,143
m-u_50_50_0.5_2_,50,50,161,0.5174911022186279,37,0.74,m,u,50,50,2,0.5,2500,185
m-u_50_50_0.5_3_,50,50,108,0.23151397705078125,37,0.74,m,u,50,50,3,0.5,2500,186
m-u_50_50_0.5_4_,50,50,70,0.12375903129577637,37,0.74,m,u,50,50,4,0.5,2500,170
m-u_50_50_0.5_5_,50,50,122,0.4860701560974121,39,0.78,m,u,50,50,5,0.5,2500,235
u-l_50_50_0.5_1_,50,50,80,0.37146496772766113,0,0.0,u,l,50,50,1,0.5,2500,245
u-l_50_50_0.5_2_,50,50,56,0.15935015678405762,0,0.0,u,l,50,50,2,0.5,2500,177
u-l_50_50_0.5_3_,50,50,57,0.17963910102844238,0,0.0,u,l,50,50,3,0.5,2500,203
u-l_50_50_0.5_4_,50,50,60,0.19703316688537598,0,0.0,u,l,50,50,4,0.5,2500,189
u-l_50_50_0.5_5_,50,50,55,0.17527985572814941,0,0.0,u,l,50,50,5,0.5,2500,164
u-m_50_50_0.5_1_,50,50,64,0.2187662124633789,0,0.0,u,m,50,50,1,0.5,2500,235
u-m_50_50_0.5_2_,50,50,39,0.08227801322937012,0,0.0,u,m,50,50,2,0.5,2500,170
u-m_50_50_0.5_3_,50,50,44,0.1041557788848877,0,0.0,u,m,50,50,3,0.5,2500,186
u-m_50_50_0.5_4_,50,50,45,0.1134037971496582,0,0.0,u,m,50,50,4,0.5,2500,185
u-m_50_50_0.5_5_,50,50,34,0.07569503784179688,0,0.0,u,m,50,50,5,0.5,2500,143
u-u_50_50_0.5_1_,50,50,103,0.34528398513793945,0,0.0,u,u,50,50,1,0.5,2500,203
u-u_50_50_0.5_2_,50,50,92,0.33698320388793945,0,0.0,u,u,50,50,2,0.5,2500,227
u-u_50_50_0.5_3_,50,50,80,0.24759602546691895,0,0.0,u,u,50,50,3,0.5,2500,192
u-u_50_50_0.5_4_,50,50,143,0.4011211395263672,6,0.12,u,u,50,50,4,0.5,2500,227
u-u_50_50_0.5_5_,50,50,61,0.14786314964294434,0,0.0,u,u,50,50,5,0.5,2500,203
l-l_50_50_0.75_1_,50,50,212,1.502155065536499,0,0.0,l,l,50,50,1,0.75,2500,410
l-l_50_50_0.75_2_,50,50,171,1.1009931564331055,0,0.0,l,l,50,50,2,0.75,2500,368
l-l_50_50_0.75_3_,50,50,123,0.6548891067504883,0,0.0,l,l,50,50,3,0.75,2500,296
l-l_50_50_0.75_4_,50,50,198,1.2254531383514404,0,0.0,l,l,50,50,4,0.75,2500,368
l-l_50_50_0.75_5_,50,50,188,1.2723071575164795,0,0.0,l,l,50,50,5,0.75,2500,410
l-m_50_50_0.75_1_,50,50,183,0.8029820919036865,9,0.18,l,m,50,50,1,0.75,2500,273
l-m_50_50_0.75_2_,50,50,147,0.5331070423126221,17,0.34,l,m,50,50,2,0.75,2500,223
l-m_50_50_0.75_3_,50,50,181,0.619492769241333,9,0.18,l,m,50,50,3,0.75,2500,250
l-m_50_50_0.75_4_,50,50,117,0.45395779609680176,8,0.16,l,m,50,50,4,0.75,2500,225
l-m_50_50_0.75_5_,50,50,184,0.6699628829956055,9,0.18,l,m,50,50,5,0.75,2500,229
l-u_50_50_0.75_1_,50,50,290,0.8222870826721191,27,0.54,l,u,50,50,1,0.75,2500,164
l-u_50_50_0.75_2_,50,50,241,0.823714017868042,37,0.74,l,u,50,50,2,0.75,2500,189
l-u_50_50_0.75_3_,50,50,162,0.38930201530456543,37,0.74,l,u,50,50,3,0.75,2500,203
l-u_50_50_0.75_4_,50,50,259,0.5407049655914307,31,0.62,l,u,50,50,4,0.75,2500,177
l-u_50_50_0.75_5_,50,50,322,1.3101890087127686,26,0.52,l,u,50,50,5,0.75,2500,245
m-l_50_50_0.75_1_,50,50,102,0.4025731086730957,0,0.0,m,l,50,50,1,0.75,2500,229
m-l_50_50_0.75_2_,50,50,112,0.4525010585784912,0,0.0,m,l,50,50,2,0.75,2500,225
m-l_50_50_0.75_3_,50,50,116,0.4894847869873047,0,0.0,m,l,50,50,3,0.75,2500,250
m-l_50_50_0.75_4_,50,50,102,0.3652770519256592,0,0.0,m,l,50,50,4,0.75,2500,223
m-l_50_50_0.75_5_,50,50,134,0.6423439979553223,0,0.0,m,l,50,50,5,0.75,2500,273
m-m_50_50_0.75_1_,50,50,195,0.9231400489807129,7,0.14,m,m,50,50,1,0.75,2500,298
m-m_50_50_0.75_2_,50,50,159,0.6272671222686768,25,0.5,m,m,50,50,2,0.75,2500,250
m-m_50_50_0.75_3_,50,50,183,0.8475236892700195,7,0.14,m,m,50,50,3,0.75,2500,272
m-m_50_50_0.75_4_,50,50,167,0.6618270874023438,13,0.26,m,m,50,50,4,0.75,2500,250
m-m_50_50_0.75_5_,50,50,225,1.0940887928009033,12,0.24,m,m,50,50,5,0.75,2500,298
m-u_50_50_0.75_1_,50,50,102,0.27547478675842285,35,0.7,m,u,50,50,1,0.75,2500,143
m-u_50_50_0.75_2_,50,50,161,0.5370171070098877,37,0.74,m,u,50,50,2,0.75,2500,185
m-u_50_50_0.75_3_,50,50,108,0.24518990516662598,37,0.74,m,u,50,50,3,0.75,2500,186
m-u_50_50_0.75_4_,50,50,70,0.12764286994934082,37,0.74,m,u,50,50,4,0.75,2500,170
m-u_50_50_0.75_5_,50,50,122,0.49776220321655273,39,0.78,m,u,50,50,5,0.75,2500,235
u-l_50_50_0.75_1_,50,50,81,0.3868439197540283,0,0.0,u,l,50,50,1,0.75,2500,245
u-l_50_50_0.75_2_,50,50,56,0.16507411003112793,0,0.0,u,l,50,50,2,0.75,2500,177
u-l_50_50_0.75_3_,50,50,59,0.1962289810180664,0,0.0,u,l,50,50,3,0.75,2500,203
u-l_50_50_0.75_4_,50,50,62,0.21374106407165527,0,0.0,u,l,50,50,4,0.75,2500,189
u-l_50_50_0.75_5_,50,50,56,0.17350196838378906,0,0.0,u,l,50,50,5,0.75,2500,164
u-m_50_50_0.75_1_,50,50,70,0.2885119915008545,0,0.0,u,m,50,50,1,0.75,2500,235
u-m_50_50_0.75_2_,50,50,41,0.09212088584899902,0,0.0,u,m,50,50,2,0.75,2500,170
u-m_50_50_0.75_3_,50,50,50,0.1367809772491455,0,0.0,u,m,50,50,3,0.75,2500,186
u-m_50_50_0.75_4_,50,50,55,0.17441105842590332,0,0.0,u,m,50,50,4,0.75,2500,185
u-m_50_50_0.75_5_,50,50,43,0.1100459098815918,0,0.0,u,m,50,50,5,0.75,2500,143
u-u_50_50_0.75_1_,50,50,114,0.40563106536865234,0,0.0,u,u,50,50,1,0.75,2500,203
u-u_50_50_0.75_2_,50,50,100,0.3873729705810547,0,0.0,u,u,50,50,2,0.75,2500,227
u-u_50_50_0.75_3_,50,50,74,0.22896599769592285,0,0.0,u,u,50,50,3,0.75,2500,192
u-u_50_50_0.75_4_,50,50,150,0.47002124786376953,6,0.12,u,u,50,50,4,0.75,2500,227
u-u_50_50_0.75_5_,50,50,70,0.18285417556762695,0,0.0,u,u,50,50,5,0.75,2500,203
l-l_50_50_all_1_,50,50,212,1.5332179069519043,0,0.0,l,l,50,50,1,all,2500,410
l-l_50_50_all_2_,50,50,174,1.1514360904693604,0,0.0,l,l,50,50,2,all,2500,368
l-l_50_50_all_3_,50,50,123,0.6679501533508301,0,0.0,l,l,50,50,3,all,2500,296
l-l_50_50_all_4_,50,50,204,1.321192741394043,0,0.0,l,l,50,50,4,all,2500,368
l-l_50_50_all_5_,50,50,189,1.3004872798919678,0,0.0,l,l,50,50,5,all,2500,410
l-m_50_50_all_1_,50,50,210,1.041085958480835,11,0.22,l,m,50,50,1,all,2500,273
l-m_50_50_all_2_,50,50,156,0.6429228782653809,20,0.4,l,m,50,50,2,all,2500,223
l-m_50_50_all_3_,50,50,195,0.7324459552764893,10,0.2,l,m,50,50,3,all,2500,250
l-m_50_50_all_4_,50,50,139,0.6070411205291748,10,0.2,l,m,50,50,4,all,2500,225
l-m_50_50_all_5_,50,50,204,0.8205740451812744,10,0.2,l,m,50,50,5,all,2500,229
l-u_50_50_all_1_,50,50,312,1.0159170627593994,32,0.64,l,u,50,50,1,all,2500,164
l-u_50_50_all_2_,50,50,268,0.9874050617218018,37,0.74,l,u,50,50,2,all,2500,189
l-u_50_50_all_3_,50,50,259,0.8234596252441406,39,0.78,l,u,50,50,3,all,2500,203
l-u_50_50_all_4_,50,50,287,0.768409252166748,36,0.72,l,u,50,50,4,all,2500,177
l-u_50_50_all_5_,50,50,386,1.8980233669281006,34,0.68,l,u,50,50,5,all,2500,245
m-l_50_50_all_1_,50,50,104,0.4015319347381592,0,0.0,m,l,50,50,1,all,2500,229
m-l_50_50_all_2_,50,50,113,0.46151185035705566,0,0.0,m,l,50,50,2,all,2500,225
m-l_50_50_all_3_,50,50,117,0.5334181785583496,0,0.0,m,l,50,50,3,all,2500,250
m-l_50_50_all_4_,50,50,106,0.3902459144592285,0,0.0,m,l,50,50,4,all,2500,223
m-l_50_50_all_5_,50,50,134,0.6260397434234619,0,0.0,m,l,50,50,5,all,2500,273
m-m_50_50_all_1_,50,50,205,1.0016860961914062,8,0.16,m,m,50,50,1,all,2500,298
m-m_50_50_all_2_,50,50,207,0.8465721607208252,28,0.56,m,m,50,50,2,all,2500,250
m-m_50_50_all_3_,50,50,181,0.8121371269226074,7,0.14,m,m,50,50,3,all,2500,272
m-m_50_50_all_4_,50,50,185,0.7660417556762695,15,0.3,m,m,50,50,4,all,2500,250
m-m_50_50_all_5_,50,50,238,1.140470027923584,12,0.24,m,m,50,50,5,all,2500,298
m-u_50_50_all_1_,50,50,172,0.4786698818206787,36,0.72,m,u,50,50,1,all,2500,143
m-u_50_50_all_2_,50,50,123,0.4263021945953369,37,0.74,m,u,50,50,2,all,2500,185
m-u_50_50_all_3_,50,50,166,0.44664812088012695,37,0.74,m,u,50,50,3,all,2500,186
m-u_50_50_all_4_,50,50,131,0.29141688346862793,38,0.76,m,u,50,50,4,all,2500,170
m-u_50_50_all_5_,50,50,153,0.6945281028747559,39,0.78,m,u,50,50,5,all,2500,235
u-l_50_50_all_1_,50,50,82,0.3929009437561035,0,0.0,u,l,50,50,1,all,2500,245
u-l_50_50_all_2_,50,50,57,0.16343283653259277,0,0.0,u,l,50,50,2,all,2500,177
u-l_50_50_all_3_,50,50,61,0.20795774459838867,0,0.0,u,l,50,50,3,all,2500,203
u-l_50_50_all_4_,50,50,65,0.22509384155273438,0,0.0,u,l,50,50,4,all,2500,189
u-l_50_50_all_5_,50,50,57,0.17536306381225586,0,0.0,u,l,50,50,5,all,2500,164
u-m_50_50_all_1_,50,50,81,0.38556694984436035,0,0.0,u,m,50,50,1,all,2500,235
u-m_50_50_all_2_,50,50,50,0.12856197357177734,0,0.0,u,m,50,50,2,all,2500,170
u-m_50_50_all_3_,50,50,58,0.18723011016845703,0,0.0,u,m,50,50,3,all,2500,186
u-m_50_50_all_4_,50,50,67,0.25174403190612793,0,0.0,u,m,50,50,4,all,2500,185
u-m_50_50_all_5_,50,50,51,0.1560502052307129,0,0.0,u,m,50,50,5,all,2500,143
u-u_50_50_all_1_,50,50,128,0.4791679382324219,0,0.0,u,u,50,50,1,all,2500,203
u-u_50_50_all_2_,50,50,90,0.337658166885376,0,0.0,u,u,50,50,2,all,2500,227
u-u_50_50_all_3_,50,50,66,0.20351195335388184,0,0.0,u,u,50,50,3,all,2500,192
u-u_50_50_all_4_,50,50,170,0.6039528846740723,7,0.14,u,u,50,50,4,all,2500,227
u-u_50_50_all_5_,50,50,83,0.2720358371734619,0,0.0,u,u,50,50,5,all,2500,203
l-l_100_100_lexmin_1_,100,100,152,1.1450960636138916,0,0.0,l,l,100,100,1,lexmin,10000,927
l-l_100_100_lexmin_2_,100,100,169,1.1106879711151123,0,0.0,l,l,100,100,2,lexmin,10000,866
l-l_100_100_lexmin_3_,100,100,297,2.1783180236816406,0,0.0,l,l,100,100,3,lexmin,10000,657
l-l_100_100_lexmin_4_,100,100,165,1.2454731464385986,0,0.0,l,l,100,100,4,lexmin,10000,866
l-l_100_100_lexmin_5_,100,100,204,1.429123878479004,0,0.0,l,l,100,100,5,lexmin,10000,927
l-m_100_100_lexmin_1_,100,100,183,1.2804169654846191,0,0.0,l,m,100,100,1,lexmin,10000,555
l-m_100_100_lexmin_2_,100,100,133,0.8649191856384277,0,0.0,l,m,100,100,2,lexmin,10000,558
l-m_100_100_lexmin_3_,100,100,142,0.9475178718566895,0,0.0,l,m,100,100,3,lexmin,10000,533
l-m_100_100_lexmin_4_,100,100,179,1.0544319152832031,0,0.0,l,m,100,100,4,lexmin,10000,500
l-m_100_100_lexmin_5_,100,100,180,1.2590010166168213,0,0.0,l,m,100,100,5,lexmin,10000,594
l-u_100_100_lexmin_1_,100,100,121,0.8456060886383057,66,0.66,l,u,100,100,1,lexmin,10000,325
l-u_100_100_lexmin_2_,100,100,152,1.0366668701171875,78,0.78,l,u,100,100,2,lexmin,10000,237
l-u_100_100_lexmin_3_,100,100,149,0.9959020614624023,68,0.68,l,u,100,100,3,lexmin,10000,300
l-u_100_100_lexmin_4_,100,100,213,1.5881178379058838,90,0.9,l,u,100,100,4,lexmin,10000,266
l-u_100_100_lexmin_5_,100,100,238,1.6526942253112793,89,0.89,l,u,100,100,5,lexmin,10000,273
m-l_100_100_lexmin_1_,100,100,103,0.7268340587615967,0,0.0,m,l,100,100,1,lexmin,10000,594
m-l_100_100_lexmin_2_,100,100,101,0.6996290683746338,0,0.0,m,l,100,100,2,lexmin,10000,500
m-l_100_100_lexmin_3_,100,100,103,0.7128889560699463,0,0.0,m,l,100,100,3,lexmin,10000,533
m-l_100_100_lexmin_4_,100,100,101,0.6768028736114502,0,0.0,m,l,100,100,4,lexmin,10000,558
m-l_100_100_lexmin_5_,100,100,100,0.6664819717407227,0,0.0,m,l,100,100,5,lexmin,10000,555
m-m_100_100_lexmin_1_,100,100,168,1.1193077564239502,0,0.0,m,m,100,100,1,lexmin,10000,673
m-m_100_100_lexmin_2_,100,100,215,1.463989019393921,0,0.0,m,m,100,100,2,lexmin,10000,735
m-m_100_100_lexmin_3_,100,100,231,1.4113540649414062,0,0.0,m,m,100,100,3,lexmin,10000,565
m-m_100_100_lexmin_4_,100,100,178,1.1288483142852783,0,0.0,m,m,100,100,4,lexmin,10000,735
m-m_100_100_lexmin_5_,100,100,231,1.429149866104126,0,0.0,m,m,100,100,5,lexmin,10000,673
m-u_100_100_lexmin_1_,100,100,103,0.7285802364349365,76,0.76,m,u,100,100,1,lexmin,10000,320
m-u_100_100_lexmin_2_,100,100,101,0.6902201175689697,80,0.8,m,u,100,100,2,lexmin,10000,232
m-u_100_100_lexmin_3_,100,100,102,0.6984009742736816,78,0.78,m,u,100,100,3,lexmin,10000,288
m-u_100_100_lexmin_4_,100,100,101,0.6770980358123779,81,0.81,m,u,100,100,4,lexmin,10000,281
m-u_100_100_lexmin_5_,100,100,102,0.690558910369873,74,0.74,m,u,100,100,5,lexmin,10000,282
u-l_100_100_lexmin_1_,100,100,93,0.5849759578704834,0,0.0,u,l,100,100,1,lexmin,10000,273
u-l_100_100_lexmin_2_,100,100,173,1.2494020462036133,0,0.0,u,l,100,100,2,lexmin,10000,266
u-l_100_100_lexmin_3_,100,100,124,0.8083398342132568,0,0.0,u,l,100,100,3,lexmin,10000,300
u-l_100_100_lexmin_4_,100,100,166,1.2159311771392822,0,0.0,u,l,100,100,4,lexmin,10000,237
u-l_100_100_lexmin_5_,100,100,115,0.6812231540679932,0,0.0,u,l,100,100,5,lexmin,10000,325
u-m_100_100_lexmin_1_,100,100,69,0.45082807540893555,0,0.0,u,m,100,100,1,lexmin,10000,282
u-m_100_100_lexmin_2_,100,100,75,0.4487149715423584,0,0.0,u,m,100,100,2,lexmin,10000,281
u-m_100_100_lexmin_3_,100,100,67,0.33104610443115234,0,0.0,u,m,100,100,3,lexmin,10000,288
u-m_100_100_lexmin_4_,100,100,57,0.29862308502197266,0,0.0,u,m,100,100,4,lexmin,10000,232
u-m_100_100_lexmin_5_,100,100,81,0.41594600677490234,0,0.0,u,m,100,100,5,lexmin,10000,320
u-u_100_100_lexmin_1_,100,100,73,0.4461379051208496,0,0.0,u,u,100,100,1,lexmin,10000,305
u-u_100_100_lexmin_2_,100,100,144,1.0050346851348877,0,0.0,u,u,100,100,2,lexmin,10000,337
u-u_100_100_lexmin_3_,100,100,174,1.2439320087432861,0,0.0,u,u,100,100,3,lexmin,10000,302
u-u_100_100_lexmin_4_,100,100,120,0.8802506923675537,0,0.0,u,u,100,100,4,lexmin,10000,337
u-u_100_100_lexmin_5_,100,100,149,1.0205037593841553,44,0.44,u,u,100,100,5,lexmin,10000,305
l-l_100_100_extreme_1_,100,100,481,13.207565069198608,0,0.0,l,l,100,100,1,extreme,10000,927
l-l_100_100_extreme_2_,100,100,448,11.138116836547852,0,0.0,l,l,100,100,2,extreme,10000,866
l-l_100_100_extreme_3_,100,100,318,6.823251962661743,0,0.0,l,l,100,100,3,extreme,10000,657
l-l_100_100_extreme_4_,100,100,460,11.743647813796997,0,0.0,l,l,100,100,4,extreme,10000,866
l-l_100_100_extreme_5_,100,100,448,12.421983003616333,0,0.0,l,l,100,100,5,extreme,10000,927
l-m_100_100_extreme_1_,100,100,239,2.665884017944336,3,0.03,l,m,100,100,1,extreme,10000,555
l-m_100_100_extreme_2_,100,100,261,2.879049062728882,1,0.01,l,m,100,100,2,extreme,10000,558
l-m_100_100_extreme_3_,100,100,201,1.319242000579834,2,0.02,l,m,100,100,3,extreme,10000,533
l-m_100_100_extreme_4_,100,100,152,1.365570068359375,1,0.01,l,m,100,100,4,extreme,10000,500
l-m_100_100_extreme_5_,100,100,223,2.4008703231811523,4,0.04,l,m,100,100,5,extreme,10000,594
l-u_100_100_extreme_1_,100,100,121,0.8954861164093018,66,0.66,l,u,100,100,1,extreme,10000,325
l-u_100_100_extreme_2_,100,100,152,0.9946560859680176,78,0.78,l,u,100,100,2,extreme,10000,237
l-u_100_100_extreme_3_,100,100,149,1.0259907245635986,68,0.68,l,u,100,100,3,extreme,10000,300
l-u_100_100_extreme_4_,100,100,213,1.5194799900054932,90,0.9,l,u,100,100,4,extreme,10000,266
l-u_100_100_extreme_5_,100,100,238,1.7049589157104492,89,0.89,l,u,100,100,5,extreme,10000,273
m-l_100_100_extreme_1_,100,100,232,3.9630088806152344,0,0.0,m,l,100,100,1,extreme,10000,594
m-l_100_100_extreme_2_,100,100,299,4.61956787109375,0,0.0,m,l,100,100,2,extreme,10000,500
m-l_100_100_extreme_3_,100,100,169,2.453800916671753,0,0.0,m,l,100,100,3,extreme,10000,533
m-l_100_100_extreme_4_,100,100,237,4.2555248737335205,0,0.0,m,l,100,100,4,extreme,10000,558
m-l_100_100_extreme_5_,100,100,219,3.5249269008636475,0,0.0,m,l,100,100,5,extreme,10000,555
m-m_100_100_extreme_1_,100,100,374,3.799266815185547,23,0.23,m,m,100,100,1,extreme,10000,673
m-m_100_100_extreme_2_,100,100,433,4.987961769104004,9,0.09,m,m,100,100,2,extreme,10000,735
m-m_100_100_extreme_3_,100,100,373,3.605682134628296,7,0.07,m,m,100,100,3,extreme,10000,565
m-m_100_100_extreme_4_,100,100,355,4.833910226821899,12,0.12,m,m,100,100,4,extreme,10000,735
m-m_100_100_extreme_5_,100,100,291,3.176654100418091,11,0.11,m,m,100,100,5,extreme,10000,673
m-u_100_100_extreme_1_,100,100,103,0.6980078220367432,76,0.76,m,u,100,100,1,extreme,10000,320
m-u_100_100_extreme_2_,100,100,101,0.7147481441497803,80,0.8,m,u,100,100,2,extreme,10000,232
m-u_100_100_extreme_3_,100,100,102,0.6712160110473633,78,0.78,m,u,100,100,3,extreme,10000,288
m-u_100_100_extreme_4_,100,100,101,0.693828821182251,81,0.81,m,u,100,100,4,extreme,10000,281
m-u_100_100_extreme_5_,100,100,102,0.6629161834716797,74,0.74,m,u,100,100,5,extreme,10000,282
u-l_100_100_extreme_1_,100,100,84,0.7734119892120361,0,0.0,u,l,100,100,1,extreme,10000,273
u-l_100_100_extreme_2_,100,100,86,0.7618460655212402,0,0.0,u,l,100,100,2,extreme,10000,266
u-l_100_100_extreme_3_,100,100,99,0.9834911823272705,0,0.0,u,l,100,100,3,extreme,10000,300
u-l_100_100_extreme_4_,100,100,85,0.6076788902282715,0,0.0,u,l,100,100,4,extreme,10000,237
u-l_100_100_extreme_5_,100,100,107,1.0308020114898682,0,0.0,u,l,100,100,5,extreme,10000,325
u-m_100_100_extreme_1_,100,100,39,0.24342107772827148,0,0.0,u,m,100,100,1,extreme,10000,282
u-m_100_100_extreme_2_,100,100,34,0.14484214782714844,0,0.0,u,m,100,100,2,extreme,10000,281
u-m_100_100_extreme_3_,100,100,27,0.11641216278076172,0,0.0,u,m,100,100,3,extreme,10000,288
u-m_100_100_extreme_4_,100,100,17,0.06649589538574219,0,0.0,u,m,100,100,4,extreme,10000,232
u-m_100_100_extreme_5_,100,100,37,0.20122790336608887,0,0.0,u,m,100,100,5,extreme,10000,320
u-u_100_100_extreme_1_,100,100,73,0.460284948348999,0,0.0,u,u,100,100,1,extreme,10000,305
u-u_100_100_extreme_2_,100,100,144,1.0068988800048828,0,0.0,u,u,100,100,2,extreme,10000,337
u-u_100_100_extreme_3_,100,100,174,1.2937920093536377,0,0.0,u,u,100,100,3,extreme,10000,302
u-u_100_100_extreme_4_,100,100,120,0.858057975769043,0,0.0,u,u,100,100,4,extreme,10000,337
u-u_100_100_extreme_5_,100,100,149,1.0622551441192627,44,0.44,u,u,100,100,5,extreme,10000,305
l-l_100_100_0.25_1_,100,100,487,13.918320894241333,0,0.0,l,l,100,100,1,0.25,10000,927
l-l_100_100_0.25_2_,100,100,455,11.67472505569458,0,0.0,l,l,100,100,2,0.25,10000,866
l-l_100_100_0.25_3_,100,100,316,7.047538757324219,0,0.0,l,l,100,100,3,0.25,10000,657
l-l_100_100_0.25_4_,100,100,471,12.385520219802856,0,0.0,l,l,100,100,4,0.25,10000,866
l-l_100_100_0.25_5_,100,100,452,13.089816093444824,0,0.0,l,l,100,100,5,0.25,10000,927
l-m_100_100_0.25_1_,100,100,347,4.948686122894287,9,0.09,l,m,100,100,1,0.25,10000,555
l-m_100_100_0.25_2_,100,100,315,4.687790155410767,5,0.05,l,m,100,100,2,0.25,10000,558
l-m_100_100_0.25_3_,100,100,250,2.808385133743286,9,0.09,l,m,100,100,3,0.25,10000,533
l-m_100_100_0.25_4_,100,100,149,1.9825248718261719,5,0.05,l,m,100,100,4,0.25,10000,500
l-m_100_100_0.25_5_,100,100,307,4.232760667800903,8,0.08,l,m,100,100,5,0.25,10000,594
l-u_100_100_0.25_1_,100,100,390,3.370239019393921,76,0.76,l,u,100,100,1,0.25,10000,325
l-u_100_100_0.25_2_,100,100,238,1.622563123703003,78,0.78,l,u,100,100,2,0.25,10000,237
l-u_100_100_0.25_3_,100,100,406,3.5359833240509033,70,0.7,l,u,100,100,3,0.25,10000,300
l-u_100_100_0.25_4_,100,100,365,3.620682954788208,92,0.92,l,u,100,100,4,0.25,10000,266
l-u_100_100_0.25_5_,100,100,290,2.909348964691162,89,0.89,l,u,100,100,5,0.25,10000,273
m-l_100_100_0.25_1_,100,100,236,4.0997350215911865,0,0.0,m,l,100,100,1,0.25,10000,594
m-l_100_100_0.25_2_,100,100,305,4.9303929805755615,0,0.0,m,l,100,100,2,0.25,10000,500
m-l_100_100_0.25_3_,100,100,172,2.5517289638519287,0,0.0,m,l,100,100,3,0.25,10000,533
m-l_100_100_0.25_4_,100,100,243,4.520807981491089,0,0.0,m,l,100,100,4,0.25,10000,558
m-l_100_100_0.25_5_,100,100,225,3.9102070331573486,0,0.0,m,l,100,100,5,0.25,10000,555
m-m_100_100_0.25_1_,100,100,384,7.446685791015625,32,0.32,m,m,100,100,1,0.25,10000,673
m-m_100_100_0.25_2_,100,100,379,6.927724123001099,15,0.15,m,m,100,100,2,0.25,10000,735
m-m_100_100_0.25_3_,100,100,419,6.258923053741455,16,0.16,m,m,100,100,3,0.25,10000,565
m-m_100_100_0.25_4_,100,100,429,7.6121320724487305,21,0.21,m,m,100,100,4,0.25,10000,735
m-m_100_100_0.25_5_,100,100,371,5.915205240249634,19,0.19,m,m,100,100,5,0.25,10000,673
m-u_100_100_0.25_1_,100,100,194,1.6934123039245605,80,0.8,m,u,100,100,1,0.25,10000,320
m-u_100_100_0.25_2_,100,100,372,2.812451124191284,80,0.8,m,u,100,100,2,0.25,10000,232
m-u_100_100_0.25_3_,100,100,110,0.8473219871520996,79,0.79,m,u,100,100,3,0.25,10000,288
m-u_100_100_0.25_4_,100,100,217,2.2950730323791504,83,0.83,m,u,100,100,4,0.25,10000,281
m-u_100_100_0.25_5_,100,100,121,1.1689469814300537,74,0.74,m,u,100,100,5,0.25,10000,282
u-l_100_100_0.25_1_,100,100,88,0.8519701957702637,0,0.0,u,l,100,100,1,0.25,10000,273
u-l_100_100_0.25_2_,100,100,91,0.8346738815307617,0,0.0,u,l,100,100,2,0.25,10000,266
u-l_100_100_0.25_3_,100,100,103,1.041274070739746,0,0.0,u,l,100,100,3,0.25,10000,300
u-l_100_100_0.25_4_,100,100,89,0.651054859161377,0,0.0,u,l,100,100,4,0.25,10000,237
u-l_100_100_0.25_5_,100,100,110,1.0721077919006348,0,0.0,u,l,100,100,5,0.25,10000,325
u-m_100_100_0.25_1_,100,100,49,0.3776688575744629,0,0.0,u,m,100,100,1,0.25,10000,282
u-m_100_100_0.25_2_,100,100,50,0.2969851493835449,0,0.0,u,m,100,100,2,0.25,10000,281
u-m_100_100_0.25_3_,100,100,45,0.2750270366668701,0,0.0,u,m,100,100,3,0.25,10000,288
u-m_100_100_0.25_4_,100,100,37,0.1586596965789795,0,0.0,u,m,100,100,4,0.25,10000,232
u-m_100_100_0.25_5_,100,100,53,0.3269777297973633,0,0.0,u,m,100,100,5,0.25,10000,320
u-u_100_100_0.25_1_,100,100,89,0.822537899017334,0,0.0,u,u,100,100,1,0.25,10000,305
u-u_100_100_0.25_2_,100,100,176,1.618952989578247,0,0.0,u,u,100,100,2,0.25,10000,337
u-u_100_100_0.25_3_,100,100,153,1.5085082054138184,0,0.0,u,u,100,100,3,0.25,10000,302
u-u_100_100_0.25_4_,100,100,120,1.289660930633545,0,0.0,u,u,100,100,4,0.25,10000,337
u-u_100_100_0.25_5_,100,100,214,2.251115083694458,44,0.44,u,u,100,100,5,0.25,10000,305
l-l_100_100_0.5_1_,100,100,493,15.078596830368042,0,0.0,l,l,100,100,1,0.5,10000,927
l-l_100_100_0.5_2_,100,100,465,13.160147905349731,0,0.0,l,l,100,100,2,0.5,10000,866
l-l_100_100_0.5_3_,100,100,317,7.114052057266235,0,0.0,l,l,100,100,3,0.5,10000,657
l-l_100_100_0.5_4_,100,100,474,12.875733137130737,0,0.0,l,l,100,100,4,0.5,10000,866
l-l_100_100_0.5_5_,100,100,467,14.27946925163269,0,0.0,l,l,100,100,5,0.5,10000,927
l-m_100_100_0.5_1_,100,100,437,6.9859089851379395,25,0.25,l,m,100,100,1,0.5,10000,555
l-m_100_100_0.5_2_,100,100,351,5.701432228088379,17,0.17,l,m,100,100,2,0.5,10000,558
l-m_100_100_0.5_3_,100,100,374,5.291438102722168,18,0.18,l,m,100,100,3,0.5,10000,533
l-m_100_100_0.5_4_,100,100,170,2.4209208488464355,10,0.1,l,m,100,100,4,0.5,10000,500
l-m_100_100_0.5_5_,100,100,399,6.580978870391846,19,0.19,l,m,100,100,5,0.5,10000,594
l-u_100_100_0.5_1_,100,100,559,4.845150947570801,76,0.76,l,u,100,100,1,0.5,10000,325
l-u_100_100_0.5_2_,100,100,478,3.330570936203003,82,0.82,l,u,100,100,2,0.5,10000,237
l-u_100_100_0.5_3_,100,100,580,5.263833999633789,70,0.7,l,u,100,100,3,0.5,10000,300
l-u_100_100_0.5_4_,100,100,365,3.509896993637085,92,0.92,l,u,100,100,4,0.5,10000,266
l-u_100_100_0.5_5_,100,100,290,3.0078999996185303,89,0.89,l,u,100,100,5,0.5,10000,273
m-l_100_100_0.5_1_,100,100,243,4.245760917663574,0,0.0,m,l,100,100,1,0.5,10000,594
m-l_100_100_0.5_2_,100,100,315,5.144969940185547,0,0.0,m,l,100,100,2,0.5,10000,500
m-l_100_100_0.5_3_,100,100,178,3.0639872550964355,0,0.0,m,l,100,100,3,0.5,10000,533
m-l_100_100_0.5_4_,100,100,258,4.914975881576538,0,0.0,m,l,100,100,4,0.5,10000,558
m-l_100_100_0.5_5_,100,100,236,4.328052043914795,0,0.0,m,l,100,100,5,0.5,10000,555
m-m_100_100_0.5_1_,100,100,450,8.81043291091919,34,0.34,m,m,100,100,1,0.5,10000,673
m-m_100_100_0.5_2_,100,100,436,8.899886846542358,20,0.2,m,m,100,100,2,0.5,10000,735
m-m_100_100_0.5_3_,100,100,440,7.812849760055542,17,0.17,m,m,100,100,3,0.5,10000,565
m-m_100_100_0.5_4_,100,100,429,8.73459005355835,24,0.24,m,m,100,100,4,0.5,10000,735
m-m_100_100_0.5_5_,100,100,458,8.58595609664917,27,0.27,m,m,100,100,5,0.5,10000,673
m-u_100_100_0.5_1_,100,100,194,1.6857149600982666,80,0.8,m,u,100,100,1,0.5,10000,320
m-u_100_100_0.5_2_,100,100,372,2.8020927906036377,80,0.8,m,u,100,100,2,0.5,10000,232
m-u_100_100_0.5_3_,100,100,110,0.8255143165588379,79,0.79,m,u,100,100,3,0.5,10000,288
m-u_100_100_0.5_4_,100,100,217,2.2189788818359375,83,0.83,m,u,100,100,4,0.5,10000,281
m-u_100_100_0.5_5_,100,100,121,1.1146280765533447,74,0.74,m,u,100,100,5,0.5,10000,282
u-l_100_100_0.5_1_,100,100,92,0.8869609832763672,0,0.0,u,l,100,100,1,0.5,10000,273
u-l_100_100_0.5_2_,100,100,96,0.9031040668487549,0,0.0,u,l,100,100,2,0.5,10000,266
u-l_100_100_0.5_3_,100,100,107,1.1081600189208984,0,0.0,u,l,100,100,3,0.5,10000,300
u-l_100_100_0.5_4_,100,100,93,0.7150599956512451,0,0.0,u,l,100,100,4,0.5,10000,237
u-l_100_100_0.5_5_,100,100,112,1.1067702770233154,0,0.0,u,l,100,100,5,0.5,10000,325
u-m_100_100_0.5_1_,100,100,58,0.5058882236480713,0,0.0,u,m,100,100,1,0.5,10000,282
u-m_100_100_0.5_2_,100,100,66,0.5083119869232178,0,0.0,u,m,100,100,2,0.5,10000,281
u-m_100_100_0.5_3_,100,100,64,0.44534921646118164,0,0.0,u,m,100,100,3,0.5,10000,288
u-m_100_100_0.5_4_,100,100,59,0.3176460266113281,0,0.0,u,m,100,100,4,0.5,10000,232
u-m_100_100_0.5_5_,100,100,76,0.5628540515899658,0,0.0,u,m,100,100,5,0.5,10000,320
u-u_100_100_0.5_1_,100,100,92,0.9630348682403564,0,0.0,u,u,100,100,1,0.5,10000,305
u-u_100_100_0.5_2_,100,100,195,2.035989761352539,0,0.0,u,u,100,100,2,0.5,10000,337
u-u_100_100_0.5_3_,100,100,144,1.4638500213623047,0,0.0,u,u,100,100,3,0.5,10000,302
u-u_100_100_0.5_4_,100,100,123,1.4423811435699463,0,0.0,u,u,100,100,4,0.5,10000,337
u-u_100_100_0.5_5_,100,100,218,2.3783860206604004,44,0.44,u,u,100,100,5,0.5,10000,305
l-l_100_100_0.75_1_,100,100,506,16.424707889556885,0,0.0,l,l,100,100,1,0.75,10000,927
l-l_100_100_0.75_2_,100,100,460,13.350229024887085,0,0.0,l,l,100,100,2,0.75,10000,866
l-l_100_100_0.75_3_,100,100,316,7.042198181152344,0,0.0,l,l,100,100,3,0.75,10000,657
l-l_100_100_0.75_4_,100,100,483,13.340191125869751,0,0.0,l,l,100,100,4,0.75,10000,866
l-l_100_100_0.75_5_,100,100,469,14.80499005317688,0,0.0,l,l,100,100,5,0.75,10000,927
l-m_100_100_0.75_1_,100,100,496,221.7781538963318,34,0.34,l,m,100,100,1,0.75,10000,555
l-m_100_100_0.75_2_,100,100,414,7.462910890579224,26,0.26,l,m,100,100,2,0.75,10000,558
l-m_100_100_0.75_3_,100,100,445,7.286484956741333,28,0.28,l,m,100,100,3,0.75,10000,533
l-m_100_100_0.75_4_,100,100,208,3.5234479904174805,14,0.14,l,m,100,100,4,0.75,10000,500
l-m_100_100_0.75_5_,100,100,438,7.758196830749512,30,0.3,l,m,100,100,5,0.75,10000,594
l-u_100_100_0.75_1_,100,100,639,5.539327144622803,79,0.79,l,u,100,100,1,0.75,10000,325
l-u_100_100_0.75_2_,100,100,631,4.458872079849243,84,0.84,l,u,100,100,2,0.75,10000,237
l-u_100_100_0.75_3_,100,100,711,6.644209861755371,74,0.74,l,u,100,100,3,0.75,10000,300
l-u_100_100_0.75_4_,100,100,365,3.5257091522216797,92,0.92,l,u,100,100,4,0.75,10000,266
l-u_100_100_0.75_5_,100,100,290,3.0180411338806152,89,0.89,l,u,100,100,5,0.75,10000,273
m-l_100_100_0.75_1_,100,100,250,4.582552909851074,0,0.0,m,l,100,100,1,0.75,10000,594
m-l_100_100_0.75_2_,100,100,326,5.40342903137207,0,0.0,m,l,100,100,2,0.75,10000,500
m-l_100_100_0.75_3_,100,100,187,3.290879964828491,0,0.0,m,l,100,100,3,0.75,10000,533
m-l_100_100_0.75_4_,100,100,264,5.035649061203003,0,0.0,m,l,100,100,4,0.75,10000,558
m-l_100_100_0.75_5_,100,100,239,4.402853965759277,0,0.0,m,l,100,100,5,0.75,10000,555
m-m_100_100_0.75_1_,100,100,520,10.8092360496521,37,0.37,m,m,100,100,1,0.75,10000,673
m-m_100_100_0.75_2_,100,100,533,11.905134916305542,31,0.31,m,m,100,100,2,0.75,10000,735
m-m_100_100_0.75_3_,100,100,377,6.601090908050537,22,0.22,m,m,100,100,3,0.75,10000,565
m-m_100_100_0.75_4_,100,100,497,11.280930995941162,31,0.31,m,m,100,100,4,0.75,10000,735
m-m_100_100_0.75_5_,100,100,497,11.516098737716675,32,0.32,m,m,100,100,5,0.75,10000,673
m-u_100_100_0.75_1_,100,100,194,2.028268814086914,80,0.8,m,u,100,100,1,0.75,10000,320
m-u_100_100_0.75_2_,100,100,372,2.8797247409820557,80,0.8,m,u,100,100,2,0.75,10000,232
m-u_100_100_0.75_3_,100,100,110,0.8470320701599121,79,0.79,m,u,100,100,3,0.75,10000,288
m-u_100_100_0.75_4_,100,100,217,2.2388498783111572,83,0.83,m,u,100,100,4,0.75,10000,281
m-u_100_100_0.75_5_,100,100,121,1.1797339916229248,74,0.74,m,u,100,100,5,0.75,10000,282
u-l_100_100_0.75_1_,100,100,96,0.9581780433654785,0,0.0,u,l,100,100,1,0.75,10000,273
u-l_100_100_0.75_2_,100,100,101,1.0057611465454102,0,0.0,u,l,100,100,2,0.75,10000,266
u-l_100_100_0.75_3_,100,100,111,1.2200379371643066,0,0.0,u,l,100,100,3,0.75,10000,300
u-l_100_100_0.75_4_,100,100,97,0.7709121704101562,0,0.0,u,l,100,100,4,0.75,10000,237
u-l_100_100_0.75_5_,100,100,114,1.1804389953613281,0,0.0,u,l,100,100,5,0.75,10000,325
u-m_100_100_0.75_1_,100,100,79,1.1388680934906006,0,0.0,u,m,100,100,1,0.75,10000,282
u-m_100_100_0.75_2_,100,100,81,1.1530570983886719,0,0.0,u,m,100,100,2,0.75,10000,281
u-m_100_100_0.75_3_,100,100,87,0.8903110027313232,0,0.0,u,m,100,100,3,0.75,10000,288
u-m_100_100_0.75_4_,100,100,79,0.5568859577178955,0,0.0,u,m,100,100,4,0.75,10000,232
u-m_100_100_0.75_5_,100,100,91,0.7675211429595947,0,0.0,u,m,100,100,5,0.75,10000,320
u-u_100_100_0.75_1_,100,100,96,1.0918500423431396,0,0.0,u,u,100,100,1,0.75,10000,305
u-u_100_100_0.75_2_,100,100,208,2.4649810791015625,0,0.0,u,u,100,100,2,0.75,10000,337
u-u_100_100_0.75_3_,100,100,132,1.359941005706787,0,0.0,u,u,100,100,3,0.75,10000,302
u-u_100_100_0.75_4_,100,100,126,1.63637113571167,0,0.0,u,u,100,100,4,0.75,10000,337
u-u_100_100_0.75_5_,100,100,219,2.6002511978149414,44,0.44,u,u,100,100,5,0.75,10000,305
l-l_100_100_all_1_,100,100,503,17.412787914276123,0,0.0,l,l,100,100,1,all,10000,927
l-l_100_100_all_2_,100,100,463,13.945229053497314,0,0.0,l,l,100,100,2,all,10000,866
l-l_100_100_all_3_,100,100,315,7.22077202796936,0,0.0,l,l,100,100,3,all,10000,657
l-l_100_100_all_4_,100,100,482,13.806124687194824,0,0.0,l,l,100,100,4,all,10000,866
l-l_100_100_all_5_,100,100,480,15.522111892700195,0,0.0,l,l,100,100,5,all,10000,927
l-m_100_100_all_1_,100,100,571,10.747029066085815,38,0.38,l,m,100,100,1,all,10000,555
l-m_100_100_all_2_,100,100,477,9.32957911491394,35,0.35,l,m,100,100,2,all,10000,558
l-m_100_100_all_3_,100,100,497,8.963093996047974,39,0.39,l,m,100,100,3,all,10000,533
l-m_100_100_all_4_,100,100,268,4.824460983276367,20,0.2,l,m,100,100,4,all,10000,500
l-m_100_100_all_5_,100,100,505,10.073232889175415,35,0.35,l,m,100,100,5,all,10000,594
l-u_100_100_all_1_,100,100,679,7.17578911781311,85,0.85,l,u,100,100,1,all,10000,325
l-u_100_100_all_2_,100,100,452,3.683562994003296,87,0.87,l,u,100,100,2,all,10000,237
l-u_100_100_all_3_,100,100,500,5.14811110496521,89,0.89,l,u,100,100,3,all,10000,300
l-u_100_100_all_4_,100,100,373,3.8729960918426514,93,0.93,l,u,100,100,4,all,10000,266
l-u_100_100_all_5_,100,100,294,2.9823012351989746,89,0.89,l,u,100,100,5,all,10000,273
m-l_100_100_all_1_,100,100,253,5.2627928256988525,0,0.0,m,l,100,100,1,all,10000,594
m-l_100_100_all_2_,100,100,331,5.62255597114563,0,0.0,m,l,100,100,2,all,10000,500
m-l_100_100_all_3_,100,100,192,3.6629440784454346,0,0.0,m,l,100,100,3,all,10000,533
m-l_100_100_all_4_,100,100,267,6.767326831817627,0,0.0,m,l,100,100,4,all,10000,558
m-l_100_100_all_5_,100,100,244,4.987451076507568,0,0.0,m,l,100,100,5,all,10000,555
m-m_100_100_all_1_,100,100,610,13.527921915054321,39,0.39,m,m,100,100,1,all,10000,673
m-m_100_100_all_2_,100,100,632,15.151159048080444,35,0.35,m,m,100,100,2,all,10000,735
m-m_100_100_all_3_,100,100,388,7.0293519496917725,25,0.25,m,m,100,100,3,all,10000,565
m-m_100_100_all_4_,100,100,598,14.604761838912964,41,0.41,m,m,100,100,4,all,10000,735
m-m_100_100_all_5_,100,100,566,12.738837003707886,36,0.36,m,m,100,100,5,all,10000,673
m-u_100_100_all_1_,100,100,162,1.521219253540039,82,0.82,m,u,100,100,1,all,10000,320
m-u_100_100_all_2_,100,100,302,2.2814950942993164,82,0.82,m,u,100,100,2,all,10000,232
m-u_100_100_all_3_,100,100,229,2.1199569702148438,79,0.79,m,u,100,100,3,all,10000,288
m-u_100_100_all_4_,100,100,282,3.1350929737091064,86,0.86,m,u,100,100,4,all,10000,281
m-u_100_100_all_5_,100,100,205,2.1067888736724854,74,0.74,m,u,100,100,5,all,10000,282
u-l_100_100_all_1_,100,100,101,1.039592981338501,0,0.0,u,l,100,100,1,all,10000,273
u-l_100_100_all_2_,100,100,107,1.096566915512085,0,0.0,u,l,100,100,2,all,10000,266
u-l_100_100_all_3_,100,100,115,1.2727408409118652,0,0.0,u,l,100,100,3,all,10000,300
u-l_100_100_all_4_,100,100,101,0.832007884979248,0,0.0,u,l,100,100,4,all,10000,237
u-l_100_100_all_5_,100,100,117,1.2031879425048828,0,0.0,u,l,100,100,5,all,10000,325
u-m_100_100_all_1_,100,100,100,1.090183973312378,0,0.0,u,m,100,100,1,all,10000,282
u-m_100_100_all_2_,100,100,101,1.171617031097412,0,0.0,u,m,100,100,2,all,10000,281
u-m_100_100_all_3_,100,100,108,1.092489242553711,0,0.0,u,m,100,100,3,all,10000,288
u-m_100_100_all_4_,100,100,101,0.8162887096405029,0,0.0,u,m,100,100,4,all,10000,232
u-m_100_100_all_5_,100,100,114,1.1417748928070068,0,0.0,u,m,100,100,5,all,10000,320
u-u_100_100_all_1_,100,100,112,1.3699262142181396,0,0.0,u,u,100,100,1,all,10000,305
u-u_100_100_all_2_,100,100,214,2.6873867511749268,0,0.0,u,u,100,100,2,all,10000,337
u-u_100_100_all_3_,100,100,115,1.1564700603485107,0,0.0,u,u,100,100,3,all,10000,302
u-u_100_100_all_4_,100,100,138,1.8512320518493652,0,0.0,u,u,100,100,4,all,10000,337
u-u_100_100_all_5_,100,100,241,2.8335769176483154,44,0.44,u,u,100,100,5,all,10000,305
l-l_150_150_lexmin_1_,150,150,330,5.174189805984497,0,0.0,l,l,150,150,1,lexmin,22500,1487
l-l_150_150_lexmin_2_,150,150,254,4.183366775512695,0,0.0,l,l,150,150,2,lexmin,22500,1527
l-l_150_150_lexmin_3_,150,150,318,5.217364072799683,0,0.0,l,l,150,150,3,lexmin,22500,1064
l-l_150_150_lexmin_4_,150,150,428,6.712157964706421,0,0.0,l,l,150,150,4,lexmin,22500,1527
l-l_150_150_lexmin_5_,150,150,279,4.37666916847229,0,0.0,l,l,150,150,5,lexmin,22500,1487
l-m_150_150_lexmin_1_,150,150,272,3.986663818359375,0,0.0,l,m,150,150,1,lexmin,22500,866
l-m_150_150_lexmin_2_,150,150,178,2.7540018558502197,0,0.0,l,m,150,150,2,lexmin,22500,791
l-m_150_150_lexmin_3_,150,150,287,4.4389379024505615,0,0.0,l,m,150,150,3,lexmin,22500,935
l-m_150_150_lexmin_4_,150,150,227,3.3466622829437256,0,0.0,l,m,150,150,4,lexmin,22500,1035
l-m_150_150_lexmin_5_,150,150,293,4.043172121047974,0,0.0,l,m,150,150,5,lexmin,22500,927
l-u_150_150_lexmin_1_,150,150,402,6.582858085632324,146,0.9733333333333334,l,u,150,150,1,lexmin,22500,313
l-u_150_150_lexmin_2_,150,150,311,4.890711069107056,120,0.8,l,u,150,150,2,lexmin,22500,367
l-u_150_150_lexmin_3_,150,150,293,4.789441823959351,141,0.94,l,u,150,150,3,lexmin,22500,362
l-u_150_150_lexmin_4_,150,150,300,4.798429012298584,136,0.9066666666666666,l,u,150,150,4,lexmin,22500,423
l-u_150_150_lexmin_5_,150,150,448,7.238746881484985,137,0.9133333333333333,l,u,150,150,5,lexmin,22500,439
m-l_150_150_lexmin_1_,150,150,151,2.3015918731689453,0,0.0,m,l,150,150,1,lexmin,22500,927
m-l_150_150_lexmin_2_,150,150,152,2.272223949432373,0,0.0,m,l,150,150,2,lexmin,22500,1035
m-l_150_150_lexmin_3_,150,150,153,2.29111385345459,0,0.0,m,l,150,150,3,lexmin,22500,935
m-l_150_150_lexmin_4_,150,150,154,2.212817907333374,0,0.0,m,l,150,150,4,lexmin,22500,791
m-l_150_150_lexmin_5_,150,150,151,2.1916589736938477,0,0.0,m,l,150,150,5,lexmin,22500,866
m-m_150_150_lexmin_1_,150,150,390,5.740588188171387,0,0.0,m,m,150,150,1,lexmin,22500,1248
m-m_150_150_lexmin_2_,150,150,383,6.006505966186523,0,0.0,m,m,150,150,2,lexmin,22500,1258
m-m_150_150_lexmin_3_,150,150,267,3.756941080093384,0,0.0,m,m,150,150,3,lexmin,22500,1084
m-m_150_150_lexmin_4_,150,150,148,2.0993878841400146,0,0.0,m,m,150,150,4,lexmin,22500,1258
m-m_150_150_lexmin_5_,150,150,334,4.341346263885498,0,0.0,m,m,150,150,5,lexmin,22500,1248
m-u_150_150_lexmin_1_,150,150,151,2.292340040206909,122,0.8133333333333334,m,u,150,150,1,lexmin,22500,335
m-u_150_150_lexmin_2_,150,150,152,2.2853598594665527,104,0.6933333333333334,m,u,150,150,2,lexmin,22500,378
m-u_150_150_lexmin_3_,150,150,151,2.268204927444458,112,0.7466666666666667,m,u,150,150,3,lexmin,22500,364
m-u_150_150_lexmin_4_,150,150,173,2.521450996398926,110,0.7333333333333333,m,u,150,150,4,lexmin,22500,439
m-u_150_150_lexmin_5_,150,150,151,2.1750190258026123,108,0.72,m,u,150,150,5,lexmin,22500,411
u-l_150_150_lexmin_1_,150,150,237,3.85066819190979,0,0.0,u,l,150,150,1,lexmin,22500,439
u-l_150_150_lexmin_2_,150,150,186,2.7550220489501953,0,0.0,u,l,150,150,2,lexmin,22500,423
u-l_150_150_lexmin_3_,150,150,151,2.2132277488708496,0,0.0,u,l,150,150,3,lexmin,22500,362
u-l_150_150_lexmin_4_,150,150,171,2.2571351528167725,0,0.0,u,l,150,150,4,lexmin,22500,367
u-l_150_150_lexmin_5_,150,150,149,2.256585121154785,0,0.0,u,l,150,150,5,lexmin,22500,313
u-m_150_150_lexmin_1_,150,150,136,1.795267105102539,0,0.0,u,m,150,150,1,lexmin,22500,411
u-m_150_150_lexmin_2_,150,150,126,1.8190021514892578,0,0.0,u,m,150,150,2,lexmin,22500,439
u-m_150_150_lexmin_3_,150,150,84,0.8984482288360596,0,0.0,u,m,150,150,3,lexmin,22500,364
u-m_150_150_lexmin_4_,150,150,98,1.1222078800201416,0,0.0,u,m,150,150,4,lexmin,22500,378
u-m_150_150_lexmin_5_,150,150,88,1.00050687789917,0,0.0,u,m,150,150,5,lexmin,22500,335
u-u_150_150_lexmin_1_,150,150,251,4.021129846572876,78,0.52,u,u,150,150,1,lexmin,22500,388
u-u_150_150_lexmin_2_,150,150,165,2.4473159313201904,0,0.0,u,u,150,150,2,lexmin,22500,504
u-u_150_150_lexmin_3_,150,150,211,3.3021929264068604,0,0.0,u,u,150,150,3,lexmin,22500,371
u-u_150_150_lexmin_4_,150,150,209,3.1731810569763184,56,0.37333333333333335,u,u,150,150,4,lexmin,22500,504
u-u_150_150_lexmin_5_,150,150,138,2.030968189239502,0,0.0,u,u,150,150,5,lexmin,22500,388
l-l_150_150_extreme_1_,150,150,761,44.28661894798279,0,0.0,l,l,150,150,1,extreme,22500,1487
l-l_150_150_extreme_2_,150,150,705,40.688477993011475,1,0.006666666666666667,l,l,150,150,2,extreme,22500,1527
l-l_150_150_extreme_3_,150,150,552,27.642389059066772,0,0.0,l,l,150,150,3,extreme,22500,1064
l-l_150_150_extreme_4_,150,150,734,44.637925148010254,0,0.0,l,l,150,150,4,extreme,22500,1527
l-l_150_150_extreme_5_,150,150,761,47.0546600818634,0,0.0,l,l,150,150,5,extreme,22500,1487
l-m_150_150_extreme_1_,150,150,363,8.680763959884644,0,0.0,l,m,150,150,1,extreme,22500,866
l-m_150_150_extreme_2_,150,150,237,4.348320007324219,0,0.0,l,m,150,150,2,extreme,22500,791
l-m_150_150_extreme_3_,150,150,301,5.413970947265625,1,0.006666666666666667,l,m,150,150,3,extreme,22500,935
l-m_150_150_extreme_4_,150,150,281,5.465129137039185,2,0.013333333333333334,l,m,150,150,4,extreme,22500,1035
l-m_150_150_extreme_5_,150,150,190,4.043689966201782,1,0.006666666666666667,l,m,150,150,5,extreme,22500,927
l-u_150_150_extreme_1_,150,150,402,6.413987874984741,146,0.9733333333333334,l,u,150,150,1,extreme,22500,313
l-u_150_150_extreme_2_,150,150,311,5.065875053405762,120,0.8,l,u,150,150,2,extreme,22500,367
l-u_150_150_extreme_3_,150,150,293,4.654276132583618,141,0.94,l,u,150,150,3,extreme,22500,362
l-u_150_150_extreme_4_,150,150,300,4.9789628982543945,136,0.9066666666666666,l,u,150,150,4,extreme,22500,423
l-u_150_150_extreme_5_,150,150,448,7.103349924087524,137,0.9133333333333333,l,u,150,150,5,extreme,22500,439
m-l_150_150_extreme_1_,150,150,344,12.906341791152954,0,0.0,m,l,150,150,1,extreme,22500,927
m-l_150_150_extreme_2_,150,150,265,10.848296165466309,0,0.0,m,l,150,150,2,extreme,22500,1035
m-l_150_150_extreme_3_,150,150,235,8.663546085357666,0,0.0,m,l,150,150,3,extreme,22500,935
m-l_150_150_extreme_4_,150,150,294,9.383921146392822,0,0.0,m,l,150,150,4,extreme,22500,791
m-l_150_150_extreme_5_,150,150,297,11.349550008773804,0,0.0,m,l,150,150,5,extreme,22500,866
m-m_150_150_extreme_1_,150,150,561,12.48265290260315,8,0.05333333333333334,m,m,150,150,1,extreme,22500,1248
m-m_150_150_extreme_2_,150,150,546,13.474828004837036,22,0.14666666666666667,m,m,150,150,2,extreme,22500,1258
m-m_150_150_extreme_3_,150,150,558,14.173122882843018,10,0.06666666666666667,m,m,150,150,3,extreme,22500,1084
m-m_150_150_extreme_4_,150,150,592,12.896743059158325,15,0.1,m,m,150,150,4,extreme,22500,1258
m-m_150_150_extreme_5_,150,150,429,10.570905685424805,5,0.03333333333333333,m,m,150,150,5,extreme,22500,1248
m-u_150_150_extreme_1_,150,150,151,2.2794671058654785,122,0.8133333333333334,m,u,150,150,1,extreme,22500,335
m-u_150_150_extreme_2_,150,150,152,2.2956440448760986,104,0.6933333333333334,m,u,150,150,2,extreme,22500,378
m-u_150_150_extreme_3_,150,150,151,2.2536699771881104,112,0.7466666666666667,m,u,150,150,3,extreme,22500,364
m-u_150_150_extreme_4_,150,150,173,2.545161008834839,110,0.7333333333333333,m,u,150,150,4,extreme,22500,439
m-u_150_150_extreme_5_,150,150,151,2.1880130767822266,108,0.72,m,u,150,150,5,extreme,22500,411
u-l_150_150_extreme_1_,150,150,125,2.403611898422241,0,0.0,u,l,150,150,1,extreme,22500,439
u-l_150_150_extreme_2_,150,150,127,2.3070991039276123,0,0.0,u,l,150,150,2,extreme,22500,423
u-l_150_150_extreme_3_,150,150,114,1.6927900314331055,0,0.0,u,l,150,150,3,extreme,22500,362
u-l_150_150_extreme_4_,150,150,109,1.6646180152893066,0,0.0,u,l,150,150,4,extreme,22500,367
u-l_150_150_extreme_5_,150,150,112,1.3777680397033691,0,0.0,u,l,150,150,5,extreme,22500,313
u-m_150_150_extreme_1_,150,150,107,1.4918951988220215,0,0.0,u,m,150,150,1,extreme,22500,411
u-m_150_150_extreme_2_,150,150,49,0.5709917545318604,0,0.0,u,m,150,150,2,extreme,22500,439
u-m_150_150_extreme_3_,150,150,26,0.24713802337646484,0,0.0,u,m,150,150,3,extreme,22500,364
u-m_150_150_extreme_4_,150,150,54,0.5977370738983154,0,0.0,u,m,150,150,4,extreme,22500,378
u-m_150_150_extreme_5_,150,150,104,1.362104892730713,0,0.0,u,m,150,150,5,extreme,22500,335
u-u_150_150_extreme_1_,150,150,251,4.003769874572754,78,0.52,u,u,150,150,1,extreme,22500,388
u-u_150_150_extreme_2_,150,150,165,2.4403488636016846,0,0.0,u,u,150,150,2,extreme,22500,504
u-u_150_150_extreme_3_,150,150,211,3.3075551986694336,0,0.0,u,u,150,150,3,extreme,22500,371
u-u_150_150_extreme_4_,150,150,209,3.1793372631073,56,0.37333333333333335,u,u,150,150,4,extreme,22500,504
u-u_150_150_extreme_5_,150,150,138,2.0108280181884766,0,0.0,u,u,150,150,5,extreme,22500,388
l-l_150_150_0.25_1_,150,150,770,47.978896141052246,0,0.0,l,l,150,150,1,0.25,22500,1487
l-l_150_150_0.25_2_,150,150,729,46.21723794937134,1,0.006666666666666667,l,l,150,150,2,0.25,22500,1527
l-l_150_150_0.25_3_,150,150,549,28.567660093307495,0,0.0,l,l,150,150,3,0.25,22500,1064
l-l_150_150_0.25_4_,150,150,778,51.73738980293274,0,0.0,l,l,150,150,4,0.25,22500,1527
l-l_150_150_0.25_5_,150,150,781,52.530155181884766,0,0.0,l,l,150,150,5,0.25,22500,1487
l-m_150_150_0.25_1_,150,150,519,16.110520124435425,15,0.1,l,m,150,150,1,0.25,22500,866
l-m_150_150_0.25_2_,150,150,386,10.109479904174805,17,0.11333333333333333,l,m,150,150,2,0.25,22500,791
l-m_150_150_0.25_3_,150,150,527,14.611691951751709,16,0.10666666666666667,l,m,150,150,3,0.25,22500,935
l-m_150_150_0.25_4_,150,150,495,15.230287790298462,11,0.07333333333333333,l,m,150,150,4,0.25,22500,1035
l-m_150_150_0.25_5_,150,150,480,18.06937599182129,11,0.07333333333333333,l,m,150,150,5,0.25,22500,927
l-u_150_150_0.25_1_,150,150,403,6.391909837722778,146,0.9733333333333334,l,u,150,150,1,0.25,22500,313
l-u_150_150_0.25_2_,150,150,612,11.390389919281006,140,0.9333333333333333,l,u,150,150,2,0.25,22500,367
l-u_150_150_0.25_3_,150,150,328,5.461002826690674,141,0.94,l,u,150,150,3,0.25,22500,362
l-u_150_150_0.25_4_,150,150,450,10.072484016418457,136,0.9066666666666666,l,u,150,150,4,0.25,22500,423
l-u_150_150_0.25_5_,150,150,467,8.777125835418701,137,0.9133333333333333,l,u,150,150,5,0.25,22500,439
m-l_150_150_0.25_1_,150,150,355,13.55774188041687,0,0.0,m,l,150,150,1,0.25,22500,927
m-l_150_150_0.25_2_,150,150,277,11.359515905380249,0,0.0,m,l,150,150,2,0.25,22500,1035
m-l_150_150_0.25_3_,150,150,245,9.008678197860718,0,0.0,m,l,150,150,3,0.25,22500,935
m-l_150_150_0.25_4_,150,150,310,10.124574899673462,0,0.0,m,l,150,150,4,0.25,22500,791
m-l_150_150_0.25_5_,150,150,305,11.758326053619385,0,0.0,m,l,150,150,5,0.25,22500,866
m-m_150_150_0.25_1_,150,150,643,27.81196618080139,22,0.14666666666666667,m,m,150,150,1,0.25,22500,1248
m-m_150_150_0.25_2_,150,150,726,30.229609966278076,44,0.29333333333333333,m,m,150,150,2,0.25,22500,1258
m-m_150_150_0.25_3_,150,150,594,26.12749981880188,29,0.19333333333333333,m,m,150,150,3,0.25,22500,1084
m-m_150_150_0.25_4_,150,150,623,31.15204882621765,28,0.18666666666666668,m,m,150,150,4,0.25,22500,1258
m-m_150_150_0.25_5_,150,150,536,27.390923976898193,17,0.11333333333333333,m,m,150,150,5,0.25,22500,1248
m-u_150_150_0.25_1_,150,150,266,4.131452322006226,125,0.8333333333333334,m,u,150,150,1,0.25,22500,335
m-u_150_150_0.25_2_,150,150,485,9.299620866775513,111,0.74,m,u,150,150,2,0.25,22500,378
m-u_150_150_0.25_3_,150,150,253,3.986485004425049,118,0.7866666666666666,m,u,150,150,3,0.25,22500,364
m-u_150_150_0.25_4_,150,150,281,5.907416105270386,114,0.76,m,u,150,150,4,0.25,22500,439
m-u_150_150_0.25_5_,150,150,565,10.335134029388428,110,0.7333333333333333,m,u,150,150,5,0.25,22500,411
u-l_150_150_0.25_1_,150,150,135,2.7088139057159424,0,0.0,u,l,150,150,1,0.25,22500,439
u-l_150_150_0.25_2_,150,150,139,2.68682599067688,0,0.0,u,l,150,150,2,0.25,22500,423
u-l_150_150_0.25_3_,150,150,124,1.9772281646728516,0,0.0,u,l,150,150,3,0.25,22500,362
u-l_150_150_0.25_4_,150,150,120,1.9559600353240967,0,0.0,u,l,150,150,4,0.25,22500,367
u-l_150_150_0.25_5_,150,150,121,1.5763208866119385,0,0.0,u,l,150,150,5,0.25,22500,313
u-m_150_150_0.25_1_,150,150,94,1.3668971061706543,0,0.0,u,m,150,150,1,0.25,22500,411
u-m_150_150_0.25_2_,150,150,76,1.0873610973358154,0,0.0,u,m,150,150,2,0.25,22500,439
u-m_150_150_0.25_3_,150,150,58,0.6260280609130859,0,0.0,u,m,150,150,3,0.25,22500,364
u-m_150_150_0.25_4_,150,150,84,1.2045087814331055,0,0.0,u,m,150,150,4,0.25,22500,378
u-m_150_150_0.25_5_,150,150,118,2.1317358016967773,0,0.0,u,m,150,150,5,0.25,22500,335
u-u_150_150_0.25_1_,150,150,266,4.841771125793457,78,0.52,u,u,150,150,1,0.25,22500,388
u-u_150_150_0.25_2_,150,150,175,3.9878406524658203,0,0.0,u,u,150,150,2,0.25,22500,504
u-u_150_150_0.25_3_,150,150,189,3.6909329891204834,0,0.0,u,u,150,150,3,0.25,22500,371
u-u_150_150_0.25_4_,150,150,277,6.60556173324585,57,0.38,u,u,150,150,4,0.25,22500,504
u-u_150_150_0.25_5_,150,150,150,2.794833183288574,0,0.0,u,u,150,150,5,0.25,22500,388
l-l_150_150_0.5_1_,150,150,782,53.98864984512329,0,0.0,l,l,150,150,1,0.5,22500,1487
l-l_150_150_0.5_2_,150,150,765,54.58923959732056,1,0.006666666666666667,l,l,150,150,2,0.5,22500,1527
l-l_150_150_0.5_3_,150,150,551,30.820287942886353,0,0.0,l,l,150,150,3,0.5,22500,1064
l-l_150_150_0.5_4_,150,150,827,59.03971004486084,0,0.0,l,l,150,150,4,0.5,22500,1527
l-l_150_150_0.5_5_,150,150,803,58.607555866241455,0,0.0,l,l,150,150,5,0.5,22500,1487
l-m_150_150_0.5_1_,150,150,689,24.368075609207153,30,0.2,l,m,150,150,1,0.5,22500,866
l-m_150_150_0.5_2_,150,150,463,14.265957117080688,31,0.20666666666666667,l,m,150,150,2,0.5,22500,791
